Flap Position,Flap Angle,alpha,CL,Cm,CD,CL/CD,dCm/dalpha,Static Margin,Cm<0,dCm/da<0,SM>0,All Stable
0.65,2,1.4,0.5004,-0.008,0.01971,25.392,-0.00447,0.136,True,True,True,True
0.65,2,1.5,0.5004,-0.0083,0.01971,25.392,-0.02674,0.1733,True,True,True,True
0.65,0,3.8,0.7783,-0.0049,0.03078,25.281,-0.03374,0.0616,True,True,True,True
0.7,0,3.8,0.7777,-0.0009,0.03081,25.239,-0.02731,0.0495,True,True,True,True
0.7,0,4.0,0.7763,-0.0025,0.03082,25.187,-0.00809,2.9084,True,True,True,True
0.65,0,4.0,0.7772,-0.0069,0.03089,25.163,-0.00318,0.4466,True,True,True,True
0.7,0,4.2,0.7769,-0.0025,0.03092,25.127,-0.05324,0.3468,True,True,True,True
0.65,0,4.2,0.7786,-0.006,0.03102,25.097,-0.05262,0.3061,True,True,True,True
0.65,2,1.3,0.4938,-0.0074,0.01971,25.058,-0.08635,0.4708,True,True,True,True
0.75,2,2.2,0.5726,-0.021,0.02323,24.649,-0.12061,0.5413,True,True,True,True
0.75,2,2.1,0.5721,-0.0207,0.02321,24.642,-0.00305,0.0921,True,True,True,True
0.7,2,2.2,0.5732,-0.0399,0.02338,24.512,-0.13129,0.5289,True,True,True,True
0.7,2,1.8,0.5718,-0.0447,0.02339,24.444,-0.19999,0.8838,True,True,True,True
0.75,2,2.0,0.566,-0.0204,0.0232,24.389,-0.00169,0.0504,True,True,True,True
0.75,0,4.3,0.8224,-0.0004,0.03375,24.364,-0.06917,0.3854,True,True,True,True
0.75,2,1.8,0.5652,-0.0235,0.02322,24.347,-0.18679,1.0713,True,True,True,True
0.65,2,2.2,0.5753,-0.0456,0.02372,24.255,-0.11491,0.5115,True,True,True,True
0.7,2,2.3,0.6225,-0.0661,0.0258,24.131,-0.13265,0.538,True,True,True,True
0.7,2,2.7,0.6229,-0.0634,0.02586,24.089,-0.2344,0.9321,True,True,True,True
0.75,2,2.3,0.6166,-0.0448,0.02562,24.068,-0.11925,0.5415,True,True,True,True
0.65,2,2.7,0.6265,-0.0673,0.02611,23.997,-0.26458,1.063,True,True,True,True
0.75,2,2.7,0.6174,-0.0389,0.02576,23.968,-0.24583,0.9723,True,True,True,True
0.75,0,4.7,0.8304,-0.0047,0.03465,23.961,-0.06488,0.2739,True,True,True,True
0.75,0,4.6,0.8304,-0.0047,0.03465,23.961,-0.00599,0.1252,True,True,True,True
0.65,2,1.8,0.5683,-0.0505,0.02372,23.959,-0.18377,0.8418,True,True,True,True
0.7,0,4.3,0.8076,-0.0132,0.03376,23.917,-0.07823,0.3491,True,True,True,True
0.65,0,4.3,0.813,-0.0165,0.03401,23.906,-0.06648,0.3867,True,True,True,True
0.7,2,1.6,0.5271,-0.0047,0.0221,23.851,-0.03196,0.2119,True,True,True,True
0.7,4,2.3,0.6422,-0.2605,0.02695,23.827,-0.07492,0.3282,True,True,True,True
0.7,2,1.7,0.5266,-0.0047,0.0221,23.827,-0.19999,0.8944,True,True,True,True
0.65,2,2.4,0.6205,-0.0686,0.02606,23.815,-0.00169,0.0506,True,True,True,True
0.65,2,2.3,0.6202,-0.0686,0.02606,23.803,-0.11491,0.5078,True,True,True,True
0.7,2,2.8,0.6732,-0.1116,0.02833,23.767,-0.24793,0.9859,True,True,True,True
0.75,0,4.5,0.8208,-0.0035,0.03455,23.755,-0.00743,0.1754,True,True,True,True
0.7,2,3.2,0.6734,-0.1104,0.02836,23.747,-0.09852,0.3643,True,True,True,True
0.65,2,2.8,0.6763,-0.1203,0.02851,23.719,-0.2594,1.0422,True,True,True,True
0.75,4,2.3,0.6344,-0.2171,0.02678,23.692,-0.1141,0.5789,True,True,True,True
0.75,2,2.8,0.668,-0.0881,0.02822,23.67,-0.23274,0.9173,True,True,True,True
0.65,2,3.2,0.6764,-0.1162,0.02859,23.659,-0.10963,0.4047,True,True,True,True
0.65,2,1.6,0.5312,-0.0134,0.02254,23.566,-0.02717,0.1762,True,True,True,True
0.65,2,1.7,0.5312,-0.0137,0.02254,23.565,-0.18553,1.0024,True,True,True,True
0.7,0,4.7,0.8266,-0.0191,0.03514,23.524,-0.06627,0.3201,True,True,True,True
0.65,4,2.3,0.6428,-0.2749,0.02733,23.517,-0.09067,0.4446,True,True,True,True
0.7,0,4.6,0.8271,-0.0191,0.0352,23.497,-0.00293,0.1185,True,True,True,True
0.0,4,0.4,0.4436,-0.0851,0.01892,23.447,-0.07585,0.7062,True,True,True,True
0.0,4,0.7,0.4436,-0.0851,0.01892,23.447,-0.20055,0.6252,True,True,True,True
0.65,4,0.4,0.4495,-0.1625,0.01917,23.444,-0.08483,0.7697,True,True,True,True
0.65,4,0.7,0.4497,-0.1621,0.01919,23.433,-0.0694,0.2448,True,True,True,True
0.75,2,3.2,0.6682,-0.0864,0.02853,23.418,-0.10235,0.3733,True,True,True,True
0.7,0,4.5,0.8217,-0.0185,0.0351,23.408,-0.00468,0.1721,True,True,True,True
0.7,0,4.4,0.8217,-0.0182,0.0351,23.408,-0.02675,0.3791,True,True,True,True
0.7,4,0.4,0.4448,-0.1439,0.01902,23.387,-0.11979,1.0502,True,True,True,True
0.75,4,2.1,0.6016,-0.1905,0.02573,23.383,-0.0895,1.4351,True,True,True,True
0.7,4,0.7,0.445,-0.1435,0.01904,23.376,-0.09442,0.3462,True,True,True,True
0.0,2,2.3,0.6227,-0.0196,0.02672,23.308,-0.18663,0.8314,True,True,True,True
0.7,4,2.1,0.6051,-0.2353,0.02597,23.304,-0.09686,2.5247,True,True,True,True
0.65,0,4.4,0.813,-0.0193,0.0349,23.295,-0.01386,3.9516,True,True,True,True
0.0,2,2.7,0.6223,-0.0196,0.02672,23.293,-0.29753,1.3558,True,True,True,True
0.75,4,2.2,0.6085,-0.2103,0.02615,23.27,-0.13268,0.8093,True,True,True,True
0.65,0,4.5,0.8137,-0.0193,0.03497,23.27,-0.01481,4.2219,True,True,True,True
0.7,4,1.8,0.6019,-0.2185,0.02587,23.265,-0.17446,0.6882,True,True,True,True
0.7,4,1.6,0.5522,-0.2051,0.02374,23.262,-0.00748,0.886,True,True,True,True
0.65,0,4.7,0.8137,-0.0228,0.03498,23.262,-0.07795,0.2733,True,True,True,True
0.7,4,1.9,0.6045,-0.2411,0.02602,23.234,-0.08399,5.5625,True,True,True,True
0.7,4,2.2,0.6126,-0.2547,0.02638,23.223,-0.12577,0.678,True,True,True,True
0.75,4,1.5,0.5432,-0.1581,0.0234,23.209,-0.00177,2.6864,True,True,True,True
0.75,4,1.6,0.5432,-0.1581,0.0234,23.209,-0.00571,0.0822,True,True,True,True
0.75,4,0.4,0.436,-0.1007,0.01881,23.185,-0.12287,1.0959,True,True,True,True
0.75,4,0.5,0.4362,-0.1007,0.01882,23.182,-0.00017,0.1625,True,True,True,True
0.75,4,1.8,0.5939,-0.1727,0.02562,23.181,-0.16596,0.8585,True,True,True,True
0.75,4,0.7,0.4357,-0.1007,0.01882,23.155,-0.08165,0.3004,True,True,True,True
0.75,4,1.9,0.5958,-0.1924,0.02577,23.12,-0.09888,9.5056,True,True,True,True
0.65,4,2.1,0.6103,-0.2526,0.02645,23.077,-0.06356,1.6034,True,True,True,True
0.65,4,1.9,0.61,-0.2584,0.02645,23.067,-0.1304,4.9578,True,True,True,True
0.7,4,1.3,0.5528,-0.1709,0.02396,23.067,-0.21591,1.9946,True,True,True,True
0.75,4,1.3,0.5437,-0.1262,0.0236,23.037,-0.19853,2.0847,True,True,True,True
0.65,4,1.6,0.5593,-0.2224,0.02431,23.009,-0.00171,0.2031,True,True,True,True
0.65,4,2.2,0.618,-0.2711,0.02686,23.009,-0.11137,0.6864,True,True,True,True
0.75,2,3.3,0.723,-0.1073,0.03144,22.996,-0.10647,0.3876,True,True,True,True
0.65,4,1.8,0.6048,-0.2323,0.02631,22.985,-0.17348,0.7098,True,True,True,True
0.0,4,2.3,0.6479,-0.2462,0.02824,22.938,-0.16584,0.914,True,True,True,True
0.65,2,3.3,0.7306,-0.1367,0.03187,22.927,-0.10301,0.3803,True,True,True,True
0.65,4,1.4,0.5595,-0.2231,0.0244,22.925,-0.17863,15.8135,True,True,True,True
0.75,2,3.7,0.7238,-0.1067,0.03161,22.894,-0.16798,0.6387,True,True,True,True
0.0,2,2.8,0.6662,-0.0791,0.0291,22.893,-0.29753,1.3558,True,True,True,True
0.0,2,3.2,0.6658,-0.0791,0.0291,22.879,-0.10007,0.3555,True,True,True,True
0.0,4,0.8,0.5078,-0.1252,0.0222,22.874,-0.20055,0.6252,True,True,True,True
0.75,4,1.1,0.4903,-0.1171,0.02145,22.861,-0.00457,0.0271,True,True,True,True
0.7,2,3.3,0.7274,-0.1317,0.03185,22.841,-0.10449,0.3868,True,True,True,True
0.0,4,1.6,0.5663,-0.1738,0.02481,22.824,-0.00364,0.1338,True,True,True,True
0.75,4,1.7,0.5571,-0.1592,0.02443,22.809,-0.07279,0.2871,True,True,True,True
0.65,4,0.3,0.4274,-0.1455,0.01874,22.804,-0.12775,0.5352,True,True,True,True
0.65,4,1.1,0.5068,-0.1798,0.02223,22.803,-0.00048,0.003,True,True,True,True
0.0,4,0.3,0.4221,-0.0699,0.01851,22.801,-0.07838,0.3363,True,True,True,True
0.0,0,4.7,0.8042,-0.0024,0.03528,22.795,-0.11496,0.4936,True,True,True,True
0.7,4,0.3,0.422,-0.1196,0.01851,22.791,-0.16899,0.6932,True,True,True,True
0.65,4,1.3,0.5572,-0.1876,0.02446,22.785,-0.2196,2.0889,True,True,True,True
0.0,4,1.8,0.6166,-0.1859,0.02706,22.784,-0.18496,0.7308,True,True,True,True
0.7,2,3.7,0.7274,-0.1317,0.03193,22.779,-0.16784,0.611,True,True,True,True
0.7,4,0.8,0.4995,-0.1624,0.02193,22.774,-0.09442,0.3462,True,True,True,True
0.7,4,0.9,0.4995,-0.1624,0.02193,22.774,-0.00364,4.1215,True,True,True,True
0.75,4,0.3,0.4138,-0.0762,0.0182,22.735,-0.16387,0.6908,True,True,True,True
0.75,4,1.2,0.524,-0.118,0.02305,22.734,-0.04562,0.1708,True,True,True,True
0.0,4,1.3,0.563,-0.1342,0.02478,22.721,-0.24635,2.099,True,True,True,True
0.65,2,3.7,0.7306,-0.1377,0.03217,22.713,-0.1856,0.69,True,True,True,True
0.7,4,2.4,0.6582,-0.2697,0.029,22.7,-0.0374,0.4645,True,True,True,True
0.75,4,0.8,0.4906,-0.1171,0.02162,22.696,-0.08405,0.3054,True,True,True,True
0.0,4,1.9,0.6187,-0.212,0.02728,22.674,-0.1304,12.951,True,True,True,True
0.0,4,2.1,0.6187,-0.212,0.02728,22.674,-0.09242,2.4201,True,True,True,True
0.65,4,1.0,0.5066,-0.1791,0.02234,22.674,-0.00364,4.1215,True,True,True,True
0.65,4,0.9,0.5066,-0.1791,0.02234,22.674,-0.01526,12.1587,True,True,True,True
0.65,4,0.8,0.5064,-0.176,0.02234,22.668,-0.08466,0.2973,True,True,True,True
0.7,4,1.2,0.5307,-0.1625,0.02342,22.659,-0.04087,0.1527,True,True,True,True
0.7,4,2.8,0.7091,-0.2662,0.03129,22.658,-0.2205,0.8577,True,True,True,True
0.65,4,1.2,0.5384,-0.1792,0.02378,22.643,-0.03915,0.1553,True,True,True,True
0.75,0,5.2,0.8787,-0.0363,0.03881,22.639,-0.11589,0.4315,True,True,True,True
0.65,4,2.8,0.7139,-0.2858,0.03154,22.637,-0.20529,0.8162,True,True,True,True
0.0,4,2.2,0.6263,-0.2305,0.02768,22.628,-0.17095,1.1707,True,True,True,True
0.75,0,5.1,0.8776,-0.0348,0.03882,22.61,-0.09413,11.8833,True,True,True,True
0.75,2,4.2,0.7905,-0.1421,0.03497,22.605,-0.1669,0.526,True,True,True,True
0.75,0,4.8,0.8777,-0.0176,0.03883,22.603,-0.06424,0.2746,True,True,True,True
0.65,4,2.7,0.6645,-0.2862,0.0294,22.603,-0.00275,0.0111,True,True,True,True
0.75,6,0.4,0.4475,-0.2959,0.0198,22.596,-0.09705,3.7746,True,True,True,True
0.7,4,3.2,0.7117,-0.3144,0.03151,22.588,-0.03112,0.1297,True,True,True,True
0.75,6,1.4,0.5659,-0.3252,0.02506,22.58,-0.06797,2.4255,True,True,True,True
0.75,0,5.0,0.8771,-0.0175,0.03885,22.579,-0.08615,36.4138,True,True,True,True
0.75,2,3.8,0.7767,-0.1403,0.03443,22.557,-0.16899,0.6411,True,True,True,True
0.75,4,2.8,0.6993,-0.2325,0.03101,22.554,-0.21324,0.8193,True,True,True,True
0.7,6,0.4,0.457,-0.3592,0.02026,22.552,-0.07027,6.6473,True,True,True,True
0.7,6,0.5,0.457,-0.3588,0.02028,22.533,-0.00645,0.0374,True,True,True,True
0.75,4,2.4,0.6479,-0.2331,0.02876,22.524,-0.07238,1.0582,True,True,True,True
0.75,2,4.1,0.7765,-0.1404,0.03448,22.522,-0.00865,0.1233,True,True,True,True
0.7,4,2.9,0.7099,-0.3107,0.03153,22.517,-0.22297,53.8274,True,True,True,True
0.7,4,3.1,0.7099,-0.3107,0.03153,22.517,-0.01834,2.0565,True,True,True,True
0.75,4,3.2,0.7018,-0.2782,0.03119,22.505,-0.03348,0.1369,True,True,True,True
0.75,4,2.9,0.7001,-0.2731,0.03112,22.501,-0.20285,50.4357,True,True,True,True
0.65,4,0.2,0.4017,-0.1369,0.01786,22.496,-0.07064,0.5015,True,True,True,True
0.65,4,3.2,0.7172,-0.3335,0.03191,22.472,-0.04319,0.1735,True,True,True,True
0.0,4,0.2,0.397,-0.0694,0.01767,22.471,-0.03024,0.2192,True,True,True,True
0.65,4,2.9,0.7148,-0.3272,0.03181,22.467,-0.2,41.7036,True,True,True,True
0.75,6,1.3,0.5662,-0.328,0.02522,22.45,-0.04385,0.4315,True,True,True,True
0.7,4,0.2,0.396,-0.1101,0.01764,22.45,-0.07821,0.5455,True,True,True,True
0.75,4,3.1,0.7001,-0.2737,0.03119,22.45,-0.02526,2.9211,True,True,True,True
0.0,4,1.2,0.5391,-0.125,0.02402,22.445,-0.04484,0.1625,True,True,True,True
0.75,4,3.3,0.749,-0.2804,0.03339,22.431,-0.07736,0.3264,True,True,True,True
0.7,0,5.1,0.8828,-0.0482,0.03936,22.429,-0.08249,4.0671,True,True,True,True
0.65,4,2.4,0.6588,-0.2892,0.02937,22.426,-0.06217,0.5751,True,True,True,True
0.7,2,3.8,0.7824,-0.1648,0.0349,22.42,-0.16573,0.6064,True,True,True,True
0.75,4,0.2,0.3886,-0.0679,0.01733,22.417,-0.08139,0.5821,True,True,True,True
0.75,4,2.7,0.6481,-0.2305,0.02891,22.417,-0.01187,0.0463,True,True,True,True
0.65,4,3.1,0.7149,-0.3258,0.03189,22.416,-0.03846,3.4166,True,True,True,True
0.7,0,5.2,0.8822,-0.0481,0.03937,22.406,-0.0723,0.2767,True,True,True,True
0.65,4,-0.2,0.4003,-0.1314,0.01789,22.38,-0.0974,0.2878,True,True,True,True
0.7,4,1.7,0.5538,-0.2062,0.02475,22.379,-0.06732,0.2712,True,True,True,True
0.7,2,4.2,0.7826,-0.165,0.03497,22.378,-0.14903,0.6692,True,True,True,True
0.7,2,4.1,0.7826,-0.1648,0.03497,22.378,-0.00101,0.3646,True,True,True,True
0.65,6,0.5,0.4617,-0.3905,0.02064,22.373,-0.00645,0.0368,True,True,True,True
0.75,6,1.0,0.5261,-0.3119,0.02352,22.37,-0.05459,7.6853,True,True,True,True
0.65,2,3.8,0.7844,-0.1752,0.03507,22.369,-0.18972,0.7054,True,True,True,True
0.65,4,0.1,0.3992,-0.1314,0.01786,22.358,-0.02771,2.2443,True,True,True,True
0.0,6,0.5,0.4559,-0.3717,0.0204,22.347,-0.00872,0.0452,True,True,True,True
0.0,4,-0.2,0.3961,-0.0637,0.01773,22.346,-0.16923,0.4609,True,True,True,True
0.7,6,1.4,0.5764,-0.3929,0.0258,22.338,-0.05987,1.6622,True,True,True,True
0.7,6,1.3,0.5764,-0.3929,0.0258,22.338,-0.04484,0.3861,True,True,True,True
0.0,4,0.1,0.3946,-0.0639,0.01767,22.332,-0.02876,3.0204,True,True,True,True
0.7,0,5.0,0.8781,-0.0316,0.03936,22.311,-0.07908,1.1042,True,True,True,True
0.7,4,-0.2,0.3942,-0.1039,0.01767,22.311,-0.10036,0.2944,True,True,True,True
0.0,2,3.8,0.7871,-0.1469,0.03529,22.301,-0.21748,0.6849,True,True,True,True
0.7,4,0.1,0.3933,-0.1039,0.01764,22.295,-0.0308,2.254,True,True,True,True
0.75,4,-0.2,0.3867,-0.0599,0.01734,22.295,-0.08214,0.2428,True,True,True,True
0.7,4,3.3,0.7579,-0.317,0.034,22.293,-0.0749,0.3241,True,True,True,True
0.65,2,4.2,0.7859,-0.1746,0.03528,22.276,-0.14295,0.5958,True,True,True,True
0.0,2,3.6,0.7241,-0.1022,0.03252,22.269,-0.01685,0.6856,True,True,True,True
0.75,4,3.7,0.7494,-0.3184,0.03366,22.263,-0.13473,0.5424,True,True,True,True
0.75,4,0.1,0.3859,-0.0599,0.01733,22.259,-0.04022,2.9427,True,True,True,True
0.0,2,3.7,0.7236,-0.1056,0.03252,22.254,-0.22379,0.7102,True,True,True,True
0.75,2,4.7,0.8497,-0.1738,0.03821,22.239,-0.13154,0.7621,True,True,True,True
0.0,2,4.2,0.7864,-0.149,0.0354,22.214,-0.15792,0.753,True,True,True,True
0.0,2,3.3,0.7221,-0.0992,0.03252,22.208,-0.10007,0.3555,True,True,True,True
0.7,6,1.0,0.5362,-0.3804,0.02415,22.204,-0.06858,8.8915,True,True,True,True
0.75,4,3.4,0.7493,-0.2936,0.03377,22.189,-0.06133,7.252,True,True,True,True
0.75,6,0.8,0.5269,-0.303,0.02376,22.173,-0.04346,0.1903,True,True,True,True
0.75,6,1.9,0.6322,-0.3552,0.02853,22.161,-0.09187,1.0215,True,True,True,True
0.75,6,0.3,0.4426,-0.2765,0.01998,22.153,-0.19076,1.2519,True,True,True,True
0.7,4,3.7,0.7571,-0.361,0.0342,22.137,-0.15572,0.6216,True,True,True,True
0.75,6,2.0,0.6329,-0.3756,0.0286,22.133,-0.09022,2.7286,True,True,True,True
0.7,0,4.8,0.8685,-0.0324,0.03924,22.133,-0.06627,0.3169,True,True,True,True
0.7,6,1.9,0.6444,-0.4129,0.02913,22.124,-0.09082,0.9974,True,True,True,True
0.65,4,1.7,0.5612,-0.2237,0.02538,22.114,-0.04958,0.2178,True,True,True,True
0.0,2,3.5,0.7187,-0.1022,0.03252,22.103,-0.01511,1.5184,True,True,True,True
0.75,6,1.2,0.5456,-0.3165,0.02471,22.082,-0.06807,0.3625,True,True,True,True
0.7,6,0.3,0.4549,-0.3448,0.0206,22.082,-0.17434,1.1931,True,True,True,True
0.75,6,1.5,0.5718,-0.3416,0.02589,22.08,-0.1762,1.4999,True,True,True,True
0.75,4,3.8,0.8004,-0.3196,0.03626,22.074,-0.00723,0.026,True,True,True,True
0.65,0,5.0,0.8763,-0.0367,0.0397,22.073,-0.07623,3.259,True,True,True,True
0.65,0,5.2,0.8753,-0.0534,0.03967,22.068,-0.07152,0.2349,True,True,True,True
0.7,6,2.1,0.6456,-0.4302,0.02926,22.066,-0.00083,0.0112,True,True,True,True
0.7,6,1.5,0.5836,-0.4049,0.02647,22.053,-0.12163,0.9216,True,True,True,True
0.7,6,0.8,0.5366,-0.3688,0.02435,22.041,-0.04144,0.1838,True,True,True,True
0.65,0,4.8,0.8707,-0.0378,0.03952,22.033,-0.07659,0.2686,True,True,True,True
0.7,6,2.0,0.6454,-0.43,0.0293,22.026,-0.08653,14.8979,True,True,True,True
0.65,4,3.3,0.7647,-0.3345,0.03474,22.014,-0.06964,0.293,True,True,True,True
0.75,2,4.3,0.84,-0.1738,0.03818,22.001,-0.15825,0.6468,True,True,True,True
0.75,6,0.2,0.417,-0.2577,0.01899,21.965,-0.09388,0.735,True,True,True,True
0.75,6,0.1,0.417,-0.2577,0.01899,21.965,-0.03736,4.9194,True,True,True,True
0.7,2,4.7,0.8481,-0.1961,0.03862,21.96,-0.12569,0.9091,True,True,True,True
0.65,6,1.4,0.5836,-0.4256,0.0266,21.943,-0.07686,1.5979,True,True,True,True
0.65,6,0.3,0.4621,-0.381,0.02109,21.913,-0.1604,1.1691,True,True,True,True
0.65,6,1.9,0.6501,-0.4483,0.02968,21.9,-0.10714,1.1487,True,True,True,True
0.0,0,5.2,0.8511,-0.0384,0.03887,21.898,-0.08728,0.3459,True,True,True,True
0.65,4,3.7,0.7638,-0.3797,0.03488,21.898,-0.16033,0.6495,True,True,True,True
0.0,0,5.1,0.8511,-0.0384,0.03887,21.898,-0.08313,43.5228,True,True,True,True
0.75,6,-0.2,0.4158,-0.2502,0.01899,21.89,-0.07743,0.2818,True,True,True,True
0.0,4,1.7,0.568,-0.175,0.02595,21.886,-0.06065,0.2409,True,True,True,True
0.75,6,0.0,0.4155,-0.2502,0.01899,21.885,-0.03736,6.1281,True,True,True,True
0.0,4,2.7,0.6626,-0.2645,0.03029,21.875,-0.00711,0.0346,True,True,True,True
0.0,4,2.4,0.6626,-0.2636,0.03029,21.875,-0.08732,1.1861,True,True,True,True
0.65,6,1.3,0.5816,-0.4249,0.0266,21.868,-0.06415,0.5777,True,True,True,True
0.0,6,0.3,0.4566,-0.3622,0.02088,21.865,-0.15279,1.1484,True,True,True,True
0.7,6,0.2,0.4278,-0.3243,0.01957,21.862,-0.10229,0.7546,True,True,True,True
0.7,6,0.1,0.4278,-0.3243,0.01957,21.862,-0.02795,3.6801,True,True,True,True
0.65,6,1.0,0.5439,-0.4089,0.02488,21.859,-0.07205,7.2284,True,True,True,True
0.65,6,0.8,0.5443,-0.3948,0.0249,21.857,-0.02858,0.1195,True,True,True,True
0.0,6,0.8,0.5451,-0.3778,0.02495,21.843,-0.02194,0.0867,True,True,True,True
0.7,6,1.2,0.5532,-0.3839,0.02533,21.838,-0.052,0.2716,True,True,True,True
0.7,2,4.4,0.8412,-0.1966,0.03858,21.804,-0.01176,0.1677,True,True,True,True
0.7,6,-0.2,0.4266,-0.3187,0.01958,21.794,-0.09566,0.3442,True,True,True,True
0.75,6,2.5,0.6821,-0.4061,0.03131,21.786,-0.12276,5.6219,True,True,True,True
0.7,6,0.0,0.4262,-0.3187,0.01957,21.784,-0.02795,4.9339,True,True,True,True
0.0,6,1.0,0.5447,-0.3941,0.02501,21.778,-0.09143,11.6364,True,True,True,True
0.0,4,2.8,0.7037,-0.2651,0.03232,21.774,-0.18237,0.8697,True,True,True,True
0.65,2,4.6,0.8365,-0.204,0.03846,21.75,-0.00684,0.7198,True,True,True,True
0.65,2,4.7,0.8365,-0.2046,0.03846,21.75,-0.15922,0.7328,True,True,True,True
0.0,6,1.4,0.5863,-0.4093,0.02696,21.745,-0.07372,1.9305,True,True,True,True
0.0,6,1.3,0.5863,-0.4093,0.02696,21.745,-0.05918,0.4791,True,True,True,True
0.75,6,2.3,0.6827,-0.3818,0.03141,21.737,-0.04454,0.2529,True,True,True,True
0.65,6,2.0,0.6505,-0.4687,0.02994,21.726,-0.08653,6.8711,True,True,True,True
0.65,2,4.3,0.8339,-0.2032,0.03839,21.723,-0.14295,0.5958,True,True,True,True
0.0,4,3.2,0.7061,-0.306,0.03252,21.715,-0.04361,0.1411,True,True,True,True
0.65,2,4.5,0.8346,-0.2032,0.03845,21.703,-0.00372,0.2862,True,True,True,True
0.0,4,3.3,0.766,-0.3097,0.0353,21.698,-0.08261,0.2767,True,True,True,True
0.7,2,4.3,0.8272,-0.1946,0.03814,21.69,-0.15802,0.5396,True,True,True,True
0.0,0,5.0,0.8507,-0.0218,0.03923,21.686,-0.08313,43.5228,True,True,True,True
0.0,0,4.8,0.8507,-0.0218,0.03923,21.686,-0.09707,0.4168,True,True,True,True
0.0,4,2.9,0.7045,-0.301,0.03252,21.667,-0.17955,43.3444,True,True,True,True
0.0,4,3.1,0.7041,-0.301,0.03252,21.655,-0.02521,3.2326,True,True,True,True
0.65,6,0.2,0.4343,-0.3584,0.02006,21.65,-0.11313,0.8116,True,True,True,True
0.65,6,0.1,0.4343,-0.3584,0.02006,21.65,-0.02943,4.6892,True,True,True,True
0.65,4,3.8,0.8141,-0.3804,0.0376,21.648,-0.00577,0.0199,True,True,True,True
0.75,6,0.7,0.4815,-0.2948,0.02225,21.637,-0.04106,0.183,True,True,True,True
0.75,6,2.8,0.731,-0.419,0.0338,21.629,-0.06992,0.311,True,True,True,True
0.7,6,2.5,0.6939,-0.4641,0.03209,21.622,-0.12273,3.7724,True,True,True,True
0.65,6,-0.2,0.4339,-0.3525,0.02007,21.621,-0.09486,0.3429,True,True,True,True
0.7,6,2.8,0.7452,-0.4748,0.03448,21.611,-0.08521,0.3874,True,True,True,True
0.0,6,0.2,0.4293,-0.3411,0.01986,21.61,-0.10552,0.7731,True,True,True,True
0.0,6,0.1,0.4293,-0.3411,0.01986,21.61,-0.03048,8.8346,True,True,True,True
0.7,6,0.7,0.4915,-0.3605,0.02276,21.6,-0.04144,0.1838,True,True,True,True
0.7,6,0.6,0.4915,-0.3605,0.02276,21.6,-0.00824,0.0477,True,True,True,True
0.75,4,4.2,0.8187,-0.3313,0.03791,21.597,-0.08794,0.2924,True,True,True,True
0.65,6,0.0,0.433,-0.3525,0.02006,21.587,-0.02943,7.8285,True,True,True,True
0.7,6,2.3,0.6948,-0.4391,0.03219,21.583,-0.04282,0.2475,True,True,True,True
0.0,4,3.7,0.7626,-0.3611,0.03534,21.579,-0.19125,0.7526,True,True,True,True
0.0,6,-0.2,0.4294,-0.335,0.0199,21.577,-0.10082,0.3515,True,True,True,True
0.65,6,1.2,0.5614,-0.4127,0.02605,21.553,-0.06519,0.3719,True,True,True,True
0.65,6,1.5,0.5912,-0.4403,0.02744,21.544,-0.14704,1.0714,True,True,True,True
0.0,6,0.0,0.4286,-0.335,0.01989,21.542,-0.03048,32.6715,True,True,True,True
0.75,6,1.1,0.5286,-0.3144,0.02454,21.537,-0.02271,0.2326,True,True,True,True
0.0,4,3.8,0.8149,-0.3638,0.03785,21.529,-0.02397,0.0805,True,True,True,True
0.75,4,3.9,0.8051,-0.3198,0.03742,21.515,-0.00053,0.0226,True,True,True,True
0.75,4,4.1,0.8047,-0.3197,0.03741,21.509,-0.05792,0.8542,True,True,True,True
0.75,6,2.2,0.6474,-0.3729,0.03013,21.49,-0.04305,0.1964,True,True,True,True
0.0,6,1.9,0.6534,-0.4278,0.03042,21.479,-0.1065,1.661,True,True,True,True
0.0,2,4.6,0.8307,-0.183,0.03868,21.476,-0.0221,2.6805,True,True,True,True
0.0,2,4.7,0.8307,-0.1865,0.03868,21.476,-0.20986,1.3621,True,True,True,True
0.75,6,2.9,0.7316,-0.4204,0.0341,21.455,-0.0358,10.5473,True,True,True,True
0.0,2,4.5,0.8291,-0.1821,0.03871,21.42,-0.00421,0.5102,True,True,True,True
0.0,2,4.3,0.8291,-0.1806,0.03871,21.42,-0.16536,0.7747,True,True,True,True
0.7,6,1.1,0.5381,-0.3825,0.02513,21.418,-0.01743,0.2055,True,True,True,True
0.0,6,2.1,0.6551,-0.4484,0.03059,21.416,-0.00083,0.01,True,True,True,True
0.0,6,1.5,0.5939,-0.4241,0.02778,21.379,-0.15396,1.0964,True,True,True,True
0.7,4,4.1,0.8154,-0.3605,0.03814,21.378,-0.05989,19.9484,True,True,True,True
0.7,4,4.2,0.8154,-0.3725,0.03814,21.378,-0.09003,0.4509,True,True,True,True
0.0,6,2.0,0.6538,-0.4482,0.03059,21.372,-0.10285,11.5571,True,True,True,True
0.0,6,1.2,0.5616,-0.3975,0.02629,21.365,-0.06634,0.3348,True,True,True,True
0.7,6,2.9,0.7453,-0.4804,0.03489,21.361,-0.06638,75.3424,True,True,True,True
0.65,6,2.8,0.7529,-0.504,0.03526,21.35,-0.05678,0.2552,True,True,True,True
0.75,6,3.0,0.7317,-0.4262,0.03427,21.35,-0.13838,229.3212,True,True,True,True
0.7,6,2.2,0.6602,-0.4302,0.03093,21.341,-0.04431,0.1802,True,True,True,True
0.75,2,5.2,0.8852,-0.2021,0.04156,21.302,-0.10802,0.4308,True,True,True,True
0.75,8,1.9,0.6645,-0.5162,0.0312,21.295,-0.04132,4.5024,True,True,True,True
0.75,2,4.8,0.8842,-0.2001,0.04155,21.284,-0.13089,0.7716,True,True,True,True
0.0,6,0.6,0.4944,-0.3734,0.02324,21.279,-0.00872,0.0452,True,True,True,True
0.0,6,0.7,0.4944,-0.3734,0.02324,21.279,-0.02194,0.0867,True,True,True,True
0.75,2,5.1,0.8841,-0.2005,0.04156,21.274,-0.01099,1.388,True,True,True,True
0.75,6,3.1,0.7317,-0.4481,0.0344,21.268,-0.08492,8.0812,True,True,True,True
0.65,6,2.5,0.7014,-0.4974,0.03299,21.262,-0.12174,3.0337,True,True,True,True
0.7,6,3.0,0.7454,-0.4881,0.03506,21.259,-0.1764,292.3221,True,True,True,True
0.7,6,3.1,0.7454,-0.5156,0.03506,21.259,-0.10853,6.8585,True,True,True,True
0.65,6,0.7,0.4967,-0.3918,0.02337,21.254,-0.01529,0.0643,True,True,True,True
0.65,6,0.6,0.4967,-0.3918,0.02337,21.254,-0.00645,0.0368,True,True,True,True
0.75,8,1.8,0.6652,-0.5079,0.0313,21.251,-0.01551,0.1924,True,True,True,True
0.75,2,5.0,0.8837,-0.1999,0.04159,21.246,-0.00302,1.2766,True,True,True,True
0.65,6,2.4,0.7013,-0.4707,0.03309,21.194,-0.13361,300.6483,True,True,True,True
0.65,6,2.3,0.7013,-0.4707,0.03309,21.194,-0.02542,0.1515,True,True,True,True
0.75,8,1.0,0.5519,-0.4836,0.02607,21.173,-0.02473,0.4731,True,True,True,True
0.65,4,4.1,0.8239,-0.3799,0.03891,21.172,-0.06325,6.3381,True,True,True,True
0.65,4,3.9,0.8219,-0.3808,0.03882,21.171,-0.0021,0.0539,True,True,True,True
0.65,4,4.2,0.8239,-0.3935,0.03894,21.157,-0.09834,0.452,True,True,True,True
0.7,6,1.6,0.6028,-0.4172,0.02852,21.14,-0.06177,0.6638,True,True,True,True
0.65,6,2.9,0.7538,-0.5064,0.03568,21.128,-0.05747,10.7719,True,True,True,True
0.7,2,5.2,0.8897,-0.2202,0.04211,21.127,-0.05703,0.2368,True,True,True,True
0.65,6,1.1,0.5466,-0.4119,0.02588,21.122,-0.01892,0.2167,True,True,True,True
0.75,6,3.7,0.7907,-0.4624,0.03744,21.117,-0.02168,0.0904,True,True,True,True
0.75,6,1.6,0.5894,-0.3605,0.02791,21.116,-0.0943,0.8338,True,True,True,True
0.75,8,0.8,0.5317,-0.476,0.02518,21.116,-0.04867,0.3625,True,True,True,True
0.75,6,3.5,0.7871,-0.4624,0.0373,21.1,-0.04847,0.3593,True,True,True,True
0.0,4,3.9,0.8221,-0.3659,0.03896,21.099,-0.01054,0.2913,True,True,True,True
0.75,8,2.8,0.7638,-0.5872,0.03621,21.093,-0.13514,0.8762,True,True,True,True
0.75,8,2.3,0.7101,-0.5181,0.03371,21.064,-0.06042,0.7442,True,True,True,True
0.75,4,4.7,0.871,-0.3876,0.04136,21.059,-0.14793,0.6705,True,True,True,True
0.75,4,4.6,0.8706,-0.3399,0.04136,21.05,-0.22502,5.798,True,True,True,True
0.75,8,1.6,0.6064,-0.5117,0.02881,21.047,-0.00664,0.0315,True,True,True,True
0.65,6,3.1,0.754,-0.5429,0.03589,21.007,-0.12352,9.2794,True,True,True,True
0.65,6,3.0,0.754,-0.5155,0.03589,21.007,-0.18253,302.6943,True,True,True,True
0.0,4,4.2,0.8214,-0.3785,0.03911,21.002,-0.09284,0.4925,True,True,True,True
0.75,8,1.1,0.5585,-0.4848,0.0266,20.995,-0.14161,0.9181,True,True,True,True
0.7,8,0.8,0.5444,-0.5586,0.02597,20.963,-0.04627,0.3474,True,True,True,True
0.75,8,0.9,0.5481,-0.4799,0.02615,20.959,-0.03809,0.3778,True,True,True,True
0.0,6,1.1,0.5467,-0.3961,0.0261,20.944,-0.0168,0.1991,True,True,True,True
0.75,4,4.3,0.8649,-0.3373,0.04133,20.926,-0.05519,0.2409,True,True,True,True
0.75,8,2.1,0.6846,-0.5201,0.03273,20.918,-0.03698,0.2762,True,True,True,True
0.7,8,1.6,0.6226,-0.579,0.02977,20.915,-0.00599,0.038,True,True,True,True
0.7,2,4.8,0.8762,-0.2212,0.04192,20.904,-0.12569,0.8956,True,True,True,True
0.75,8,0.5,0.5027,-0.4572,0.02405,20.9,-0.06894,0.7905,True,True,True,True
0.75,6,3.8,0.8375,-0.4667,0.04008,20.896,-0.11553,0.5019,True,True,True,True
0.7,8,1.0,0.5662,-0.564,0.0271,20.893,-0.00712,0.1204,True,True,True,True
0.65,6,2.2,0.6678,-0.4656,0.03196,20.892,-0.02542,0.1043,True,True,True,True
0.75,8,0.6,0.5221,-0.4709,0.025,20.887,-0.06475,0.6985,True,True,True,True
0.7,8,2.3,0.7255,-0.5841,0.03474,20.883,-0.08436,1.181,True,True,True,True
0.0,0,5.7,0.9028,-0.0811,0.04324,20.88,-0.0351,0.1382,True,True,True,True
0.0,0,5.6,0.9028,-0.0811,0.04324,20.88,-0.12784,21.5567,True,True,True,True
0.75,8,0.7,0.5212,-0.4702,0.02497,20.872,-0.02526,0.5243,True,True,True,True
0.7,8,1.1,0.5724,-0.5634,0.02743,20.871,-0.07858,0.5068,True,True,True,True
0.65,2,5.2,0.8843,-0.2348,0.04237,20.869,-0.05642,0.1993,True,True,True,True
0.7,6,3.6,0.8017,-0.5266,0.03842,20.866,-0.00975,0.5534,True,True,True,True
0.65,2,4.8,0.8799,-0.2358,0.04219,20.855,-0.15786,0.7265,True,True,True,True
0.75,6,2.6,0.687,-0.4064,0.03295,20.85,-0.00153,0.0667,True,True,True,True
0.65,6,1.6,0.6111,-0.455,0.02932,20.842,-0.0742,0.7924,True,True,True,True
0.7,4,4.7,0.8749,-0.4369,0.04198,20.842,-0.17006,0.8822,True,True,True,True
0.0,0,5.5,0.9016,-0.0555,0.04327,20.837,-0.12639,21.312,True,True,True,True
0.7,6,2.7,0.7013,-0.4633,0.03366,20.835,-0.05755,0.262,True,True,True,True
0.7,8,2.1,0.7022,-0.5819,0.03371,20.834,-0.083,0.636,True,True,True,True
0.75,6,2.7,0.6866,-0.4064,0.03296,20.832,-0.06329,0.2875,True,True,True,True
0.7,6,3.5,0.7997,-0.5266,0.03841,20.818,-0.04996,0.3764,True,True,True,True
0.75,8,0.4,0.5047,-0.4572,0.02425,20.814,-0.06921,0.3911,True,True,True,True
0.7,4,4.6,0.875,-0.3856,0.04204,20.814,-0.24852,9.0315,True,True,True,True
0.75,8,2.7,0.7355,-0.5809,0.03534,20.813,-0.03409,0.2244,True,True,True,True
0.7,8,2.8,0.7801,-0.6698,0.03749,20.809,-0.1169,0.7536,True,True,True,True
0.75,0,5.5,0.9319,-0.0576,0.04479,20.808,-0.10962,11.6514,True,True,True,True
0.7,6,3.7,0.8032,-0.5286,0.03864,20.786,-0.02307,0.0932,True,True,True,True
0.65,4,-0.6,0.3398,-0.1021,0.01635,20.785,-0.01621,2.6053,True,True,True,True
0.0,0,5.3,0.9016,-0.0559,0.04338,20.782,-0.08713,0.3453,True,True,True,True
0.75,0,5.6,0.9337,-0.0798,0.04495,20.771,-0.11107,12.436,True,True,True,True
0.75,8,0.3,0.4673,-0.4434,0.02251,20.762,-0.13361,0.5605,True,True,True,True
0.7,8,0.7,0.534,-0.5527,0.02573,20.75,-0.02487,0.4967,True,True,True,True
0.75,8,2.6,0.7334,-0.5804,0.03535,20.748,-0.03636,0.2872,True,True,True,True
0.7,8,0.6,0.5343,-0.5536,0.02576,20.744,-0.07566,0.8442,True,True,True,True
0.7,8,2.2,0.7113,-0.5888,0.03429,20.74,-0.01078,0.0925,True,True,True,True
0.7,0,5.7,0.9382,-0.0891,0.04524,20.739,-0.0459,0.1857,True,True,True,True
0.75,0,5.3,0.9313,-0.0579,0.04492,20.734,-0.10777,0.4059,True,True,True,True
0.75,0,5.7,0.9337,-0.0798,0.04503,20.734,-0.03311,0.1308,True,True,True,True
0.65,4,-0.7,0.339,-0.0982,0.01635,20.733,-0.14505,0.5975,True,True,True,True
0.7,0,5.6,0.9378,-0.0868,0.04524,20.732,-0.13078,10.1522,True,True,True,True
0.7,4,4.4,0.8694,-0.3872,0.04194,20.729,-0.0432,0.6139,True,True,True,True
0.65,0,5.7,0.9414,-0.0897,0.04545,20.714,-0.03595,0.1446,True,True,True,True
0.65,0,5.6,0.9414,-0.0897,0.04545,20.714,-0.11133,32.1576,True,True,True,True
0.7,8,0.4,0.5169,-0.5379,0.02496,20.712,-0.04522,0.2713,True,True,True,True
0.65,8,0.8,0.5532,-0.6092,0.02672,20.706,-0.04708,0.3311,True,True,True,True
0.7,6,-0.5,0.3721,-0.2775,0.01798,20.699,-0.15165,7.924,True,True,True,True
0.65,8,1.9,0.6898,-0.6439,0.03333,20.698,-0.07221,1.5495,True,True,True,True
0.7,0,5.5,0.9356,-0.0629,0.0452,20.698,-0.12087,8.5662,True,True,True,True
0.75,6,3.3,0.7623,-0.4516,0.03684,20.693,-0.04752,0.3306,True,True,True,True
0.7,4,-0.6,0.3353,-0.0813,0.01621,20.688,-0.0253,4.3393,True,True,True,True
0.65,0,5.5,0.9407,-0.0674,0.04548,20.685,-0.10988,4.268,True,True,True,True
0.7,8,0.9,0.5606,-0.562,0.02711,20.68,-0.0272,0.2492,True,True,True,True
0.7,8,0.5,0.516,-0.5376,0.02496,20.677,-0.07827,0.8975,True,True,True,True
0.0,6,2.8,0.7423,-0.4925,0.03591,20.675,-0.0523,0.2552,True,True,True,True
0.7,0,5.4,0.935,-0.0626,0.04526,20.659,-0.00142,0.5004,True,True,True,True
0.75,6,4.0,0.8367,-0.4852,0.04051,20.653,-0.08815,34.8781,True,True,True,True
0.75,6,-0.5,0.364,-0.2258,0.01763,20.649,-0.11009,5.3628,True,True,True,True
0.75,6,3.4,0.7626,-0.4527,0.03693,20.648,-0.05403,0.4355,True,True,True,True
0.0,6,2.5,0.6952,-0.4844,0.03368,20.643,-0.14031,4.4917,True,True,True,True
0.7,4,-0.7,0.3345,-0.0773,0.01621,20.64,-0.11968,0.5049,True,True,True,True
0.7,0,5.3,0.935,-0.0626,0.04531,20.636,-0.0728,0.2755,True,True,True,True
0.65,6,-0.4,0.3777,-0.3356,0.0183,20.635,-0.04547,4.8031,True,True,True,True
0.0,8,0.8,0.5539,-0.5954,0.02685,20.633,-0.04955,0.3199,True,True,True,True
0.0,2,5.2,0.8619,-0.2249,0.04178,20.631,-0.07218,0.3113,True,True,True,True
0.75,8,1.3,0.5921,-0.5122,0.0287,20.631,-0.00142,0.012,True,True,True,True
0.7,8,0.3,0.4827,-0.5285,0.0234,20.628,-0.12382,0.5477,True,True,True,True
0.75,8,0.1,0.4504,-0.4296,0.02184,20.627,-0.02873,0.7135,True,True,True,True
0.75,8,0.2,0.457,-0.4304,0.02216,20.619,-0.06864,0.8156,True,True,True,True
0.7,4,4.3,0.8553,-0.3785,0.0415,20.612,-0.07333,0.2716,True,True,True,True
0.75,8,-0.2,0.45,-0.4171,0.02184,20.611,-0.0407,0.1922,True,True,True,True
0.0,6,2.3,0.6961,-0.4564,0.03377,20.609,-0.03984,0.3096,True,True,True,True
0.0,6,2.2,0.6703,-0.4484,0.03253,20.606,-0.03984,0.1947,True,True,True,True
0.7,8,1.3,0.6085,-0.5804,0.02953,20.606,-0.01112,0.085,True,True,True,True
0.65,4,4.6,0.8682,-0.4075,0.0422,20.573,-0.25149,130.5526,True,True,True,True
0.65,4,4.7,0.8686,-0.4582,0.04222,20.573,-0.16963,0.6515,True,True,True,True
0.65,6,-0.5,0.3763,-0.3244,0.01829,20.573,-0.17318,9.1631,True,True,True,True
0.65,4,4.4,0.8675,-0.4079,0.04217,20.571,-0.04174,10.4858,True,True,True,True
0.65,4,4.3,0.8674,-0.3995,0.04217,20.568,-0.07191,0.3296,True,True,True,True
0.7,6,3.8,0.8512,-0.5313,0.0414,20.561,-0.10481,0.4449,True,True,True,True
0.65,6,3.7,0.8105,-0.5568,0.03942,20.56,-0.02014,0.083,True,True,True,True
0.75,4,5.2,0.9165,-0.3939,0.04458,20.559,-0.12649,0.5947,True,True,True,True
0.75,8,0.0,0.4489,-0.4247,0.02184,20.558,-0.02477,4.0631,True,True,True,True
0.65,6,3.5,0.8074,-0.557,0.03928,20.556,-0.05543,0.4302,True,True,True,True
0.7,6,-0.7,0.3693,-0.2763,0.01797,20.552,-0.00336,0.0142,True,True,True,True
0.0,6,1.6,0.6144,-0.4401,0.0299,20.544,-0.08024,0.7849,True,True,True,True
0.65,0,5.3,0.9363,-0.0677,0.04558,20.543,-0.07137,0.2343,True,True,True,True
0.7,6,-0.6,0.3693,-0.2763,0.01798,20.541,-0.00582,0.4098,True,True,True,True
0.65,8,1.4,0.6311,-0.6453,0.03073,20.536,-0.00757,0.0876,True,True,True,True
0.65,6,2.7,0.7093,-0.4951,0.03456,20.526,-0.04481,0.2058,True,True,True,True
0.0,2,5.6,0.91,-0.2421,0.04434,20.522,-0.0134,1.5513,True,True,True,True
0.0,2,5.7,0.91,-0.2421,0.04434,20.522,-0.20339,0.8549,True,True,True,True
0.75,4,5.1,0.9149,-0.3813,0.04458,20.521,-0.07248,7.0911,True,True,True,True
0.75,6,3.2,0.7338,-0.4432,0.03577,20.517,-0.01767,0.1155,True,True,True,True
0.75,6,-0.6,0.3616,-0.2247,0.01763,20.509,-0.02777,2.2581,True,True,True,True
0.75,6,4.3,0.8919,-0.5064,0.04349,20.509,-0.00319,0.0156,True,True,True,True
0.7,8,0.2,0.4717,-0.5132,0.023,20.508,-0.08087,0.879,True,True,True,True
0.7,8,2.7,0.7518,-0.6647,0.03667,20.502,-0.02511,0.1683,True,True,True,True
0.75,2,5.5,0.9349,-0.2221,0.0456,20.501,-0.00771,0.6358,True,True,True,True
0.7,8,0.1,0.4643,-0.5124,0.02265,20.499,-0.0233,0.523,True,True,True,True
0.75,4,5.0,0.9144,-0.3794,0.04461,20.497,-0.00923,4.3065,True,True,True,True
0.75,4,-0.6,0.3286,-0.043,0.01604,20.494,-0.00949,2.4213,True,True,True,True
0.65,8,1.0,0.5754,-0.6165,0.02808,20.491,-0.02418,0.3802,True,True,True,True
0.0,2,5.5,0.9083,-0.2394,0.04433,20.491,-0.0134,1.5513,True,True,True,True
0.0,6,-0.4,0.371,-0.3169,0.01811,20.488,-0.03972,4.2452,True,True,True,True
0.7,8,-0.2,0.464,-0.501,0.02265,20.487,-0.06383,0.2971,True,True,True,True
0.0,2,5.3,0.9083,-0.2394,0.04434,20.484,-0.07218,0.3113,True,True,True,True
0.65,8,2.3,0.7333,-0.6416,0.03581,20.476,-0.05614,0.81,True,True,True,True
0.75,2,5.3,0.9343,-0.2221,0.04563,20.473,-0.10005,0.4039,True,True,True,True
0.65,8,1.1,0.5824,-0.6173,0.02845,20.468,-0.12755,0.8319,True,True,True,True
0.65,8,1.8,0.6842,-0.6295,0.03343,20.468,-0.00188,0.0155,True,True,True,True
0.0,6,2.9,0.7433,-0.4949,0.03632,20.465,-0.04796,11.3501,True,True,True,True
0.75,2,5.6,0.9372,-0.2237,0.0458,20.465,-0.00771,0.6618,True,True,True,True
0.65,8,2.8,0.7879,-0.7233,0.03853,20.451,-0.09057,0.5842,True,True,True,True
0.65,8,0.7,0.5412,-0.603,0.02646,20.45,-0.02811,0.4851,True,True,True,True
0.7,8,2.6,0.7502,-0.6648,0.03669,20.45,-0.02849,0.2169,True,True,True,True
0.0,2,4.8,0.8615,-0.2249,0.04214,20.445,-0.19197,1.246,True,True,True,True
0.75,4,-0.7,0.3279,-0.0411,0.01604,20.445,-0.1155,0.4939,True,True,True,True
0.65,8,0.6,0.5416,-0.6036,0.02649,20.445,-0.07475,0.8439,True,True,True,True
0.65,6,-0.7,0.3739,-0.301,0.01829,20.442,-0.02007,0.0853,True,True,True,True
0.0,6,-0.5,0.3698,-0.3069,0.0181,20.436,-0.05685,3.9378,True,True,True,True
0.7,8,0.0,0.4628,-0.5085,0.02265,20.432,-0.01934,3.414,True,True,True,True
0.65,6,-0.6,0.3739,-0.301,0.0183,20.431,-0.11729,9.7741,True,True,True,True
0.0,4,-0.6,0.3299,-0.0189,0.01614,20.431,-0.03565,6.5716,True,True,True,True
0.75,2,5.7,0.9372,-0.2237,0.04588,20.429,-0.21438,0.8809,True,True,True,True
0.7,2,5.7,0.9422,-0.239,0.04615,20.414,-0.23069,0.9868,True,True,True,True
0.65,2,5.7,0.9462,-0.2488,0.04636,20.409,-0.23472,1.0046,True,True,True,True
0.65,2,5.6,0.9462,-0.2488,0.04636,20.409,-0.0134,2.1716,True,True,True,True
0.7,2,5.6,0.9418,-0.2367,0.04615,20.407,-0.03286,2.1072,True,True,True,True
0.0,8,1.0,0.574,-0.6024,0.02813,20.404,-0.02053,0.357,True,True,True,True
0.75,6,4.2,0.8515,-0.5062,0.04174,20.401,-0.01652,0.0604,True,True,True,True
0.65,2,5.5,0.945,-0.2461,0.04635,20.39,-0.0134,0.5047,True,True,True,True
0.7,4,5.1,0.9254,-0.4246,0.04539,20.389,-0.06287,2.8349,True,True,True,True
0.7,4,5.2,0.9253,-0.4376,0.04539,20.384,-0.10663,0.5291,True,True,True,True
0.75,8,2.0,0.6671,-0.5162,0.03273,20.382,-0.01988,0.1979,True,True,True,True
0.7,6,3.2,0.7486,-0.5098,0.03673,20.381,-0.00709,0.0477,True,True,True,True
0.0,8,0.9,0.5694,-0.5983,0.02794,20.38,-0.0352,0.3508,True,True,True,True
0.7,6,3.3,0.7751,-0.5171,0.03803,20.38,-0.03421,0.2575,True,True,True,True
0.65,4,-0.3,0.3316,-0.1119,0.01627,20.379,-0.14967,0.4985,True,True,True,True
0.75,8,1.2,0.5827,-0.5119,0.0286,20.379,-0.13662,0.8126,True,True,True,True
0.7,2,5.5,0.939,-0.2324,0.04609,20.376,-0.0244,1.4505,True,True,True,True
0.65,8,0.9,0.5696,-0.6124,0.02796,20.376,-0.03666,0.3298,True,True,True,True
0.65,8,0.3,0.4909,-0.5821,0.0241,20.371,-0.11097,0.5117,True,True,True,True
0.75,8,2.4,0.7101,-0.5356,0.03486,20.37,-0.27762,448.2921,True,True,True,True
0.7,6,3.4,0.7751,-0.5167,0.03806,20.365,-0.04794,0.3903,True,True,True,True
0.0,4,-0.7,0.3288,-0.0118,0.01614,20.364,-0.18074,0.6814,True,True,True,True
0.65,8,2.1,0.7105,-0.6468,0.03489,20.364,-0.03614,0.2782,True,True,True,True
0.7,2,5.3,0.9385,-0.2318,0.04609,20.36,-0.05768,0.2366,True,True,True,True
0.65,8,0.5,0.5235,-0.5881,0.02571,20.359,-0.07759,0.8572,True,True,True,True
0.65,8,0.4,0.5235,-0.5881,0.02571,20.359,-0.02996,0.1838,True,True,True,True
0.0,8,0.4,0.5194,-0.5733,0.02552,20.355,-0.03044,0.1791,True,True,True,True
0.0,8,0.5,0.5194,-0.5733,0.02552,20.355,-0.07927,0.8152,True,True,True,True
0.0,6,3.1,0.7428,-0.5293,0.03649,20.354,-0.10913,8.4568,True,True,True,True
0.7,2,5.4,0.9385,-0.2318,0.04612,20.35,-0.00302,1.0624,True,True,True,True
0.0,6,-0.6,0.3681,-0.3056,0.0181,20.342,-0.00671,0.7874,True,True,True,True
0.0,8,1.4,0.6321,-0.6292,0.03108,20.336,-0.00378,0.0495,True,True,True,True
0.75,8,2.5,0.7102,-0.5736,0.03492,20.335,-0.22386,1.9162,True,True,True,True
0.75,6,-0.3,0.3608,-0.2347,0.01775,20.324,-0.0174,0.0695,True,True,True,True
0.0,8,0.3,0.4854,-0.5672,0.02388,20.323,-0.10254,0.4642,True,True,True,True
0.65,2,5.3,0.941,-0.2461,0.04635,20.304,-0.05642,0.1993,True,True,True,True
0.7,8,2.0,0.6852,-0.5722,0.03375,20.302,-0.02222,0.2113,True,True,True,True
0.75,6,4.1,0.8373,-0.5031,0.04125,20.297,-0.10502,1.4253,True,True,True,True
0.0,8,1.6,0.6362,-0.6283,0.03135,20.293,-0.00498,0.0298,True,True,True,True
0.7,6,4.0,0.8503,-0.5496,0.04193,20.278,-0.05579,7.3115,True,True,True,True
0.75,8,2.9,0.7664,-0.6079,0.0378,20.275,-0.10339,8.1278,True,True,True,True
0.75,8,3.0,0.7664,-0.6079,0.0378,20.275,-0.16418,20.0874,True,True,True,True
0.7,8,1.2,0.5972,-0.5797,0.02946,20.271,-0.0849,0.4701,True,True,True,True
0.0,8,1.1,0.5809,-0.6024,0.02866,20.271,-0.12333,0.8178,True,True,True,True
0.65,8,0.2,0.4801,-0.5659,0.02369,20.271,-0.08926,0.9315,True,True,True,True
0.7,6,-0.3,0.3711,-0.2996,0.01831,20.269,-0.06046,0.2259,True,True,True,True
0.0,8,0.7,0.5384,-0.5884,0.02657,20.261,-0.03129,0.4141,True,True,True,True
0.0,8,0.6,0.5388,-0.5891,0.0266,20.257,-0.07569,0.7942,True,True,True,True
0.0,8,1.9,0.6883,-0.6248,0.03398,20.257,-0.07273,5.1947,True,True,True,True
0.7,0,5.8,0.9873,-0.096,0.04875,20.253,-0.03442,0.1402,True,True,True,True
0.75,0,6.0,0.9843,-0.0862,0.0486,20.252,-0.01227,0.4397,True,True,True,True
0.75,0,5.8,0.9843,-0.0864,0.04862,20.247,-0.03212,0.1269,True,True,True,True
0.65,0,6.2,0.9932,-0.1022,0.04907,20.242,-0.1359,0.6986,True,True,True,True
0.65,6,3.8,0.8576,-0.561,0.04237,20.241,-0.12086,0.5152,True,True,True,True
0.7,4,-0.3,0.3251,-0.0838,0.01606,20.237,-0.11668,0.3988,True,True,True,True
0.65,8,-0.2,0.472,-0.5527,0.02333,20.23,-0.0672,0.3146,True,True,True,True
0.75,0,6.1,0.9899,-0.0887,0.04894,20.228,-0.01227,0.4397,True,True,True,True
0.75,0,6.2,0.9899,-0.0887,0.04894,20.228,-0.13306,0.6861,True,True,True,True
0.65,0,5.9,0.9918,-0.0974,0.04904,20.225,-0.01099,1.1388,True,True,True,True
0.65,0,6.0,0.993,-0.099,0.0491,20.224,-0.02384,3.7675,True,True,True,True
0.65,0,6.1,0.993,-0.1022,0.0491,20.224,-0.01586,18.2506,True,True,True,True
0.0,0,5.8,0.9536,-0.0881,0.04715,20.224,-0.0351,0.1382,True,True,True,True
0.0,8,0.2,0.4752,-0.5528,0.0235,20.22,-0.08035,0.8646,True,True,True,True
0.65,8,0.1,0.4717,-0.5642,0.02333,20.216,-0.02907,0.6024,True,True,True,True
0.65,0,5.8,0.9911,-0.0968,0.04904,20.212,-0.03897,0.1547,True,True,True,True
0.0,6,3.6,0.8029,-0.5444,0.03974,20.204,-0.01685,1.2635,True,True,True,True
0.7,0,6.0,0.9879,-0.0959,0.04891,20.198,-0.00779,1.8979,True,True,True,True
0.0,8,-0.2,0.4676,-0.5397,0.02317,20.185,-0.06571,0.2942,True,True,True,True
0.75,4,-0.3,0.3182,-0.0435,0.01577,20.18,-0.08777,0.3045,True,True,True,True
0.7,4,4.9,0.9135,-0.4276,0.04527,20.18,-0.02709,0.7423,True,True,True,True
0.0,0,6.2,0.9536,-0.0897,0.04725,20.18,-0.14385,0.5434,True,True,True,True
0.65,6,3.4,0.7834,-0.5459,0.03882,20.177,-0.05578,0.4644,True,True,True,True
0.0,8,0.1,0.4668,-0.5511,0.02314,20.174,-0.03012,0.6629,True,True,True,True
0.7,0,6.2,0.9881,-0.0975,0.04899,20.168,-0.13075,0.6874,True,True,True,True
0.7,0,6.1,0.9881,-0.0975,0.04899,20.168,-0.00804,9.0911,True,True,True,True
0.65,6,3.3,0.7834,-0.5458,0.03884,20.167,-0.0284,0.2125,True,True,True,True
0.65,6,-0.3,0.3782,-0.3335,0.01875,20.165,-0.08444,0.3004,True,True,True,True
0.65,8,0.0,0.4705,-0.5601,0.02333,20.162,-0.02082,5.2391,True,True,True,True
0.0,6,3.5,0.8012,-0.5444,0.03974,20.161,-0.06232,0.6578,True,True,True,True
0.0,4,4.7,0.8601,-0.4584,0.04266,20.16,-0.25597,1.2414,True,True,True,True
0.0,6,3.7,0.8039,-0.5478,0.03989,20.155,-0.04483,0.1622,True,True,True,True
0.0,4,4.3,0.8598,-0.3845,0.04266,20.153,-0.07292,0.3804,True,True,True,True
0.65,8,1.3,0.6143,-0.6431,0.03048,20.152,-0.01628,0.1301,True,True,True,True
0.0,4,4.6,0.8597,-0.3931,0.04266,20.151,-0.32658,169.535,True,True,True,True
0.65,4,5.2,0.9248,-0.4633,0.04596,20.121,-0.11308,0.5081,True,True,True,True
0.0,8,0.0,0.4661,-0.5468,0.02317,20.117,-0.02187,19.0537,True,True,True,True
0.65,8,2.7,0.7602,-0.7199,0.03781,20.107,-0.01619,0.1113,True,True,True,True
0.65,4,4.9,0.9202,-0.4497,0.04581,20.087,-0.03347,1.1927,True,True,True,True
0.65,6,3.2,0.7566,-0.5402,0.03769,20.077,-0.01455,0.099,True,True,True,True
0.65,8,2.6,0.7588,-0.72,0.03781,20.072,-0.02197,0.1732,True,True,True,True
0.0,6,3.8,0.8582,-0.5534,0.04277,20.067,-0.12641,0.4687,True,True,True,True
0.7,6,4.3,0.8878,-0.5588,0.04424,20.066,-0.02671,0.1071,True,True,True,True
0.0,6,-0.3,0.3717,-0.3148,0.01859,19.994,-0.09041,0.3094,True,True,True,True
0.0,8,1.3,0.6173,-0.6278,0.03088,19.991,-0.01067,0.0763,True,True,True,True
0.65,8,1.2,0.6061,-0.642,0.03032,19.988,-0.12933,0.8103,True,True,True,True
0.7,8,2.5,0.7255,-0.659,0.03631,19.984,-0.29555,2.3941,True,True,True,True
0.7,6,4.1,0.8519,-0.5607,0.04263,19.982,-0.04115,3.8121,True,True,True,True
0.75,0,6.3,1.0287,-0.1153,0.05149,19.979,-0.13306,0.6861,True,True,True,True
0.0,4,-0.3,0.3217,-0.0298,0.01611,19.966,-0.22368,0.675,True,True,True,True
0.75,6,4.5,0.8915,-0.5203,0.04466,19.963,-0.06197,1.3291,True,True,True,True
0.7,0,6.7,1.0323,-0.1248,0.05173,19.955,-0.03987,0.139,True,True,True,True
0.7,8,2.9,0.7828,-0.6881,0.03923,19.954,-0.09155,6.6243,True,True,True,True
0.7,8,3.0,0.7828,-0.6881,0.03923,19.954,-0.14894,14.4972,True,True,True,True
0.75,10,0.8,0.5576,-0.6452,0.02795,19.954,-0.0778,0.5345,True,True,True,True
0.7,0,6.5,1.0323,-0.1248,0.05174,19.95,-0.00546,0.1771,True,True,True,True
0.7,0,6.3,1.0262,-0.1237,0.05144,19.949,-0.13075,0.6874,True,True,True,True
0.7,0,6.4,1.0262,-0.1237,0.05144,19.949,-0.00546,0.1771,True,True,True,True
0.75,0,6.7,1.0276,-0.117,0.05153,19.941,-0.03661,0.1269,True,True,True,True
0.75,6,4.8,0.9408,-0.5099,0.04719,19.937,-0.20506,0.8715,True,True,True,True
0.0,8,2.1,0.7085,-0.6326,0.03554,19.934,-0.0618,0.4812,True,True,True,True
0.65,6,4.3,0.8993,-0.5974,0.04511,19.933,-0.00432,0.0186,True,True,True,True
0.75,10,1.9,0.6921,-0.7017,0.03472,19.933,-0.21212,76.7501,True,True,True,True
0.75,10,1.8,0.6921,-0.6777,0.03472,19.932,-0.04699,0.3606,True,True,True,True
0.0,6,2.7,0.7023,-0.4844,0.03524,19.929,-0.04033,0.2015,True,True,True,True
0.0,8,2.3,0.7272,-0.6304,0.0365,19.923,-0.07032,1.4522,True,True,True,True
0.65,0,6.3,1.0319,-0.1294,0.05181,19.92,-0.1359,0.7017,True,True,True,True
0.0,6,3.3,0.784,-0.5319,0.03942,19.888,-0.04018,0.2103,True,True,True,True
0.0,6,3.4,0.784,-0.5319,0.03942,19.888,-0.06232,0.7231,True,True,True,True
0.75,10,2.2,0.7147,-0.717,0.03595,19.883,-0.04151,0.2917,True,True,True,True
0.65,8,2.0,0.6935,-0.6439,0.03489,19.876,-0.01439,0.1385,True,True,True,True
0.0,4,5.2,0.9013,-0.4655,0.04535,19.876,-0.11158,0.6114,True,True,True,True
0.0,4,5.1,0.9013,-0.4545,0.04535,19.876,-0.05495,27.9013,True,True,True,True
0.65,6,4.0,0.8574,-0.581,0.04314,19.874,-0.07756,5.6461,True,True,True,True
0.75,2,6.0,0.9859,-0.2664,0.04961,19.871,-0.00438,0.1569,True,True,True,True
0.75,10,0.9,0.5628,-0.6463,0.02832,19.87,-0.09599,0.7359,True,True,True,True
0.75,2,5.8,0.9859,-0.2666,0.04963,19.866,-0.21339,0.8768,True,True,True,True
0.7,2,5.8,0.9886,-0.2828,0.04978,19.861,-0.21921,0.9442,True,True,True,True
0.75,10,1.2,0.6009,-0.6665,0.03025,19.861,-0.01347,0.0646,True,True,True,True
0.75,2,6.2,0.9915,-0.2672,0.04993,19.858,-0.13508,0.6008,True,True,True,True
0.75,2,6.1,0.9915,-0.2672,0.04993,19.858,-0.00438,0.1569,True,True,True,True
0.75,8,3.1,0.768,-0.6407,0.0387,19.846,-0.16253,3.0134,True,True,True,True
0.0,0,6.3,1.0065,-0.1185,0.05074,19.836,-0.14385,0.5434,True,True,True,True
0.0,0,6.7,1.0065,-0.1185,0.05074,19.836,-0.03639,0.0955,True,True,True,True
0.65,2,6.2,0.9951,-0.2966,0.05018,19.829,-0.12839,0.534,True,True,True,True
0.65,0,6.7,1.0322,-0.1293,0.05208,19.818,-0.03673,0.1261,True,True,True,True
0.65,2,5.9,0.9936,-0.2963,0.05015,19.813,-0.00468,0.4843,True,True,True,True
0.65,2,6.0,0.9949,-0.2966,0.05022,19.812,-0.00166,0.2617,True,True,True,True
0.65,2,5.8,0.993,-0.2957,0.05015,19.8,-0.23774,1.0032,True,True,True,True
0.7,2,6.2,0.9894,-0.2828,0.05002,19.78,-0.12324,0.5406,True,True,True,True
0.0,2,5.8,0.9576,-0.2827,0.04841,19.78,-0.20339,0.8549,True,True,True,True
0.0,6,4.0,0.8578,-0.573,0.04344,19.745,-0.08246,26.9545,True,True,True,True
0.0,2,6.2,0.9576,-0.2827,0.04851,19.739,-0.13331,0.4387,True,True,True,True
0.7,8,-0.7,0.4157,-0.4641,0.02107,19.734,-0.11011,0.3662,True,True,True,True
0.75,8,-0.7,0.4049,-0.4011,0.02053,19.727,-0.08669,0.3054,True,True,True,True
0.0,8,2.8,0.7719,-0.7172,0.03913,19.726,-0.08404,0.6056,True,True,True,True
0.0,8,1.2,0.6042,-0.6271,0.03066,19.705,-0.12692,0.698,True,True,True,True
0.75,10,1.4,0.641,-0.6674,0.03254,19.697,-0.10056,1.445,True,True,True,True
0.0,0,6.8,1.0827,-0.1258,0.05497,19.695,-0.03639,0.0955,True,True,True,True
0.0,0,7.2,1.0824,-0.1326,0.05497,19.692,-0.15498,0.5359,True,True,True,True
0.75,10,1.5,0.6393,-0.6881,0.0325,19.67,-0.10312,73.8359,True,True,True,True
0.75,8,-0.4,0.409,-0.4226,0.0208,19.663,-0.04878,12.3059,True,True,True,True
0.7,6,4.5,0.9024,-0.5761,0.0459,19.659,-0.0617,3.9027,True,True,True,True
0.7,10,1.8,0.7122,-0.7639,0.03625,19.647,-0.11845,0.6561,True,True,True,True
0.7,8,-0.6,0.4157,-0.4674,0.02116,19.647,-0.0562,9.6427,True,True,True,True
0.7,10,1.9,0.7122,-0.8013,0.03625,19.645,-0.30358,1160.5439,True,True,True,True
0.75,4,5.5,0.9616,-0.4066,0.04896,19.639,-0.00053,0.1658,True,True,True,True
0.7,8,-0.4,0.4194,-0.4919,0.02136,19.636,-0.10218,6.2008,True,True,True,True
0.75,8,-0.6,0.4049,-0.4072,0.02062,19.634,-0.02855,4.7948,True,True,True,True
0.75,8,-0.5,0.4061,-0.4068,0.02069,19.628,-0.077,3.7713,True,True,True,True
0.65,6,4.2,0.8608,-0.5963,0.04386,19.627,-0.0045,0.023,True,True,True,True
0.65,6,4.1,0.8602,-0.5965,0.04384,19.619,-0.07663,4.5342,True,True,True,True
0.65,8,-0.7,0.4227,-0.5073,0.02156,19.612,-0.0622,0.2029,True,True,True,True
0.75,8,3.8,0.8725,-0.6698,0.04449,19.61,-0.02766,0.1525,True,True,True,True
0.65,8,2.4,0.7333,-0.6624,0.0374,19.607,-0.36983,49.9109,True,True,True,True
0.65,8,2.5,0.7348,-0.7155,0.03748,19.605,-0.28817,2.2596,True,True,True,True
0.75,10,2.4,0.7417,-0.7253,0.03783,19.604,-0.15015,19.1253,True,True,True,True
0.7,6,4.4,0.9024,-0.5631,0.04604,19.602,-0.08637,1.1841,True,True,True,True
0.75,10,2.3,0.7417,-0.7253,0.03784,19.602,-0.04114,0.3054,True,True,True,True
0.75,10,0.6,0.5323,-0.6284,0.02717,19.59,-0.00553,1.1558,True,True,True,True
0.7,8,3.1,0.7849,-0.7179,0.04007,19.59,-0.14114,2.426,True,True,True,True
0.75,10,0.5,0.5327,-0.6297,0.0272,19.586,-0.03933,0.4806,True,True,True,True
0.75,8,3.6,0.8211,-0.6541,0.04195,19.574,-0.05184,0.6948,True,True,True,True
0.75,8,3.5,0.8211,-0.6544,0.04195,19.574,-0.00995,1.8093,True,True,True,True
0.7,10,0.8,0.5738,-0.7423,0.02931,19.573,-0.05521,0.3906,True,True,True,True
0.75,4,5.6,0.9622,-0.4067,0.04916,19.572,-0.00053,0.1658,True,True,True,True
0.75,10,1.3,0.6254,-0.6679,0.03199,19.554,-0.00441,0.022,True,True,True,True
0.65,8,2.9,0.7912,-0.738,0.04047,19.55,-0.07973,5.0008,True,True,True,True
0.65,6,4.6,0.908,-0.6063,0.04645,19.55,-0.00811,8.2628,True,True,True,True
0.65,6,4.5,0.9078,-0.6053,0.04644,19.548,-0.04591,10.5344,True,True,True,True
0.75,8,3.4,0.82,-0.6521,0.04195,19.547,-0.07341,2.1519,True,True,True,True
0.75,4,5.7,0.9622,-0.4067,0.04924,19.54,-0.15377,0.554,True,True,True,True
0.75,4,5.3,0.9574,-0.4066,0.049,19.538,-0.06324,0.2805,True,True,True,True
0.65,8,3.0,0.7911,-0.7392,0.04051,19.529,-0.17046,18.5496,True,True,True,True
0.7,8,-0.5,0.4169,-0.4753,0.02135,19.526,-0.12255,6.6709,True,True,True,True
0.0,6,4.3,0.8919,-0.5909,0.04574,19.498,-0.0111,0.0545,True,True,True,True
0.65,6,4.4,0.9072,-0.5972,0.04653,19.496,-0.03981,0.9313,True,True,True,True
0.7,4,5.5,0.9693,-0.4478,0.04973,19.493,-0.01334,1.8552,True,True,True,True
0.75,8,4.1,0.8881,-0.6703,0.04556,19.493,-0.02102,0.2076,True,True,True,True
0.75,10,2.8,0.7936,-0.7733,0.04072,19.489,-0.05134,0.2413,True,True,True,True
0.7,4,5.7,0.9705,-0.4486,0.0498,19.488,-0.15313,0.5708,True,True,True,True
0.7,4,5.6,0.9703,-0.4486,0.04979,19.487,-0.00412,0.6837,True,True,True,True
0.0,6,3.2,0.7458,-0.5239,0.0383,19.473,-0.013,0.0631,True,True,True,True
0.75,10,2.9,0.7936,-0.7716,0.04075,19.472,-0.04207,2.5049,True,True,True,True
0.7,4,5.4,0.9689,-0.4459,0.04976,19.471,-0.00923,0.5109,True,True,True,True
0.65,8,-0.4,0.4251,-0.5351,0.02184,19.467,-0.06445,2.2144,True,True,True,True
0.0,8,2.0,0.6918,-0.6248,0.03554,19.465,-0.03905,0.3862,True,True,True,True
0.75,6,5.1,0.9491,-0.5609,0.04877,19.462,-0.0273,3.8139,True,True,True,True
0.75,10,2.0,0.6926,-0.7202,0.0356,19.453,-0.07655,0.7242,True,True,True,True
0.7,0,6.8,1.0897,-0.1327,0.05602,19.451,-0.03987,0.139,True,True,True,True
0.75,10,1.0,0.5837,-0.6644,0.03001,19.45,-0.09451,0.9024,True,True,True,True
0.75,0,7.2,1.0938,-0.1315,0.05624,19.449,-0.12146,0.3816,True,True,True,True
0.75,6,5.0,0.9487,-0.5603,0.0488,19.442,-0.00302,1.6334,True,True,True,True
0.75,6,4.9,0.9487,-0.5603,0.0488,19.442,-0.25172,6.336,True,True,True,True
0.75,10,1.1,0.5837,-0.6652,0.03003,19.441,-0.01071,0.1247,True,True,True,True
0.0,8,2.7,0.7474,-0.7146,0.03845,19.438,-0.01286,0.0999,True,True,True,True
0.7,10,0.9,0.5795,-0.7423,0.02982,19.434,-0.0875,0.5935,True,True,True,True
0.75,0,6.8,1.0853,-0.1243,0.05585,19.433,-0.03661,0.1269,True,True,True,True
0.7,10,1.2,0.6177,-0.7603,0.0318,19.429,-0.00985,0.0484,True,True,True,True
0.7,10,2.2,0.7347,-0.8262,0.03782,19.423,-0.00369,0.0276,True,True,True,True
0.65,8,3.2,0.8023,-0.7747,0.04131,19.422,-0.00305,0.0136,True,True,True,True
0.75,0,7.1,1.0844,-0.1315,0.05584,19.419,-0.03448,0.7591,True,True,True,True
0.7,0,7.2,1.0886,-0.1412,0.05606,19.419,-0.11804,0.4376,True,True,True,True
0.0,6,4.1,0.8584,-0.5895,0.04422,19.415,-0.08153,32.5839,True,True,True,True
0.7,6,4.8,0.9354,-0.567,0.04819,19.412,-0.20718,0.9577,True,True,True,True
0.0,6,4.2,0.8583,-0.5894,0.04422,19.412,-0.00667,0.0398,True,True,True,True
0.7,4,5.3,0.9657,-0.4459,0.04975,19.411,-0.04178,0.1916,True,True,True,True
0.75,8,4.0,0.8723,-0.6702,0.04494,19.411,-6e-05,0.0008,True,True,True,True
0.0,8,2.6,0.7462,-0.7146,0.03845,19.406,-0.0339,0.3355,True,True,True,True
0.75,10,0.7,0.5337,-0.6308,0.02751,19.397,-0.08417,0.6651,True,True,True,True
0.75,6,5.2,0.9502,-0.5657,0.04899,19.395,-0.03129,0.1572,True,True,True,True
0.75,10,0.1,0.4778,-0.6045,0.02464,19.394,-0.03017,2.0683,True,True,True,True
0.65,0,6.9,1.0905,-0.1367,0.05624,19.391,-0.0015,0.0446,True,True,True,True
0.65,0,7.0,1.0972,-0.137,0.05658,19.391,-0.03598,1.1194,True,True,True,True
0.65,0,6.8,1.0905,-0.1367,0.05624,19.391,-0.03673,0.1261,True,True,True,True
0.7,10,2.1,0.7334,-0.8262,0.03782,19.39,-0.00774,0.0692,True,True,True,True
0.65,0,7.2,1.0969,-0.1439,0.05658,19.388,-0.14031,0.5238,True,True,True,True
0.65,4,5.7,0.9763,-0.4701,0.05037,19.384,-0.14987,0.5579,True,True,True,True
0.75,8,3.3,0.8142,-0.6397,0.04201,19.381,-0.05845,0.273,True,True,True,True
0.7,8,3.6,0.835,-0.7232,0.04309,19.378,-0.07891,1.0343,True,True,True,True
0.75,10,-0.2,0.4773,-0.5991,0.02463,19.377,-0.03927,0.2047,True,True,True,True
0.7,8,-0.3,0.4202,-0.4957,0.02169,19.375,-0.04534,0.2035,True,True,True,True
0.75,8,4.2,0.8925,-0.6744,0.04608,19.369,-0.04917,0.3046,True,True,True,True
0.0,4,5.7,0.9399,-0.4768,0.04855,19.36,-0.14601,0.561,True,True,True,True
0.0,8,-0.4,0.4189,-0.5232,0.02165,19.354,-0.05871,2.3743,True,True,True,True
0.0,4,5.3,0.9378,-0.4768,0.04847,19.349,-0.05662,0.2958,True,True,True,True
0.75,10,0.3,0.4862,-0.6129,0.02513,19.346,-0.07587,0.4154,True,True,True,True
0.75,10,0.0,0.4765,-0.5993,0.02464,19.342,-0.02621,4.0789,True,True,True,True
0.65,8,-0.5,0.4224,-0.5337,0.02184,19.341,-0.12171,10.1403,True,True,True,True
0.75,10,0.2,0.4794,-0.6053,0.0248,19.335,-0.04163,0.9929,True,True,True,True
0.7,10,1.5,0.6588,-0.7693,0.03408,19.333,-0.03107,3.5566,True,True,True,True
0.7,8,3.8,0.8871,-0.7441,0.04589,19.331,-0.0368,0.2031,True,True,True,True
0.7,8,3.4,0.835,-0.7232,0.0432,19.327,-0.0436,1.5675,True,True,True,True
0.75,10,0.4,0.516,-0.6205,0.02672,19.306,-0.08406,0.3613,True,True,True,True
0.65,6,4.8,0.9436,-0.6019,0.04894,19.282,-0.23068,0.9382,True,True,True,True
0.7,6,5.1,0.9612,-0.6136,0.04988,19.27,-0.02287,0.7756,True,True,True,True
0.75,8,4.4,0.9243,-0.6949,0.04799,19.26,-0.07471,4.0867,True,True,True,True
0.65,4,5.3,0.9693,-0.4708,0.05036,19.249,-0.03752,0.16,True,True,True,True
0.7,10,1.4,0.6596,-0.7631,0.03428,19.238,-0.036,0.4778,True,True,True,True
0.7,10,0.6,0.5497,-0.7289,0.02858,19.234,-0.00514,1.9288,True,True,True,True
0.7,10,2.8,0.8122,-0.8679,0.04228,19.211,-0.06673,0.3155,True,True,True,True
0.0,6,4.6,0.8993,-0.6047,0.04682,19.208,-0.02487,25.3365,True,True,True,True
0.0,6,4.5,0.8991,-0.6033,0.04682,19.204,-0.06557,66.7929,True,True,True,True
0.65,8,-0.3,0.4282,-0.5466,0.0223,19.2,-0.08798,0.3756,True,True,True,True
0.7,10,2.9,0.8119,-0.8709,0.04229,19.2,-0.07891,5.1088,True,True,True,True
0.75,10,2.5,0.7432,-0.7554,0.03874,19.186,-0.16049,8.5315,True,True,True,True
0.7,10,1.1,0.6031,-0.7601,0.03144,19.184,-0.00223,0.0308,True,True,True,True
0.65,8,3.1,0.793,-0.7721,0.04134,19.181,-0.17748,3.1742,True,True,True,True
0.75,4,6.2,1.0237,-0.4627,0.05341,19.167,-0.16711,0.6734,True,True,True,True
0.75,8,4.3,0.9204,-0.6802,0.04802,19.166,-0.10269,0.6467,True,True,True,True
0.75,4,6.0,1.0177,-0.4372,0.05311,19.164,-0.01058,0.3636,True,True,True,True
0.75,4,6.1,1.0235,-0.4394,0.05341,19.163,-0.12745,4.2559,True,True,True,True
0.7,10,1.3,0.6437,-0.7621,0.03359,19.162,-0.01386,0.0663,True,True,True,True
0.75,4,5.8,1.0177,-0.4374,0.05313,19.155,-0.15278,0.5504,True,True,True,True
0.7,10,0.7,0.5512,-0.7313,0.02881,19.136,-0.06728,0.559,True,True,True,True
0.75,2,6.3,1.0364,-0.2943,0.05424,19.109,-0.13508,0.6008,True,True,True,True
0.7,10,2.4,0.7602,-0.8269,0.03978,19.108,-0.13219,12.8669,True,True,True,True
0.65,2,6.3,1.043,-0.3223,0.05459,19.108,-0.12839,0.5359,True,True,True,True
0.7,10,2.3,0.7602,-0.8269,0.03979,19.105,-0.00369,0.0289,True,True,True,True
0.7,2,6.4,1.035,-0.3074,0.05418,19.104,-0.00998,0.4849,True,True,True,True
0.7,2,6.3,1.035,-0.3074,0.05418,19.104,-0.12324,0.5406,True,True,True,True
0.7,6,5.2,0.9599,-0.6186,0.05026,19.099,-0.02689,0.147,True,True,True,True
0.0,6,4.8,0.9312,-0.6021,0.04876,19.097,-0.23522,1.0343,True,True,True,True
0.7,10,0.5,0.5507,-0.7303,0.02884,19.095,-0.04828,0.5942,True,True,True,True
0.7,10,1.0,0.6033,-0.7598,0.0316,19.092,-0.08873,0.7521,True,True,True,True
0.7,8,3.3,0.8294,-0.7148,0.04346,19.085,-0.03441,0.1697,True,True,True,True
0.7,4,5.8,1.024,-0.4792,0.05366,19.085,-0.15313,0.5728,True,True,True,True
0.7,2,6.7,1.0391,-0.3094,0.05445,19.083,-0.11684,0.4145,True,True,True,True
0.7,2,6.5,1.0391,-0.3094,0.05446,19.079,-0.00998,0.4849,True,True,True,True
0.0,8,2.5,0.7272,-0.7078,0.03812,19.078,-0.31702,3.3408,True,True,True,True
0.75,2,6.7,1.0352,-0.2964,0.05428,19.07,-0.11241,0.3994,True,True,True,True
0.0,6,4.4,0.8991,-0.5916,0.04716,19.064,-0.06209,1.7347,True,True,True,True
0.0,8,-0.3,0.4219,-0.5336,0.02214,19.057,-0.08267,0.3395,True,True,True,True
0.7,6,4.9,0.9484,-0.6169,0.0498,19.045,-0.23519,2.5327,True,True,True,True
0.7,4,6.1,1.0246,-0.4791,0.05382,19.037,-0.09855,87.5701,True,True,True,True
0.7,4,6.2,1.0249,-0.4989,0.05384,19.037,-0.12898,0.5504,True,True,True,True
0.75,10,-0.7,0.4283,-0.5695,0.0225,19.033,-0.03842,0.1429,True,True,True,True
0.65,8,3.8,0.8956,-0.7967,0.0471,19.015,-0.05832,0.3205,True,True,True,True
0.65,2,6.7,1.0432,-0.3223,0.05486,19.015,-0.10596,0.3701,True,True,True,True
0.7,10,2.0,0.7123,-0.8246,0.03748,19.003,-0.12414,1.17,True,True,True,True
0.7,10,0.1,0.4984,-0.7064,0.02623,19.0,-0.02712,4.1473,True,True,True,True
0.7,10,0.4,0.5335,-0.7192,0.02808,18.998,-0.06489,0.2927,True,True,True,True
0.7,10,-0.2,0.4981,-0.7015,0.02623,18.988,-0.07029,0.3631,True,True,True,True
0.65,8,3.6,0.8432,-0.7785,0.04443,18.979,-0.06158,0.7797,True,True,True,True
0.75,10,1.6,0.6413,-0.6881,0.03379,18.979,-0.02142,0.1607,True,True,True,True
0.0,2,6.3,1.0184,-0.3094,0.05367,18.976,-0.13331,0.4387,True,True,True,True
0.0,2,6.7,1.0184,-0.3094,0.0537,18.965,-0.10406,0.2753,True,True,True,True
0.75,10,3.8,0.8998,-0.7974,0.04745,18.962,-0.02729,0.1074,True,True,True,True
0.65,8,3.4,0.8433,-0.7783,0.04448,18.959,-0.03056,1.131,True,True,True,True
0.7,10,0.0,0.4972,-0.7017,0.02623,18.952,-0.02316,3.9617,True,True,True,True
0.0,10,0.8,0.586,-0.7919,0.03093,18.949,-0.05333,0.3443,True,True,True,True
0.7,8,4.2,0.904,-0.7453,0.04771,18.947,-0.02012,0.1711,True,True,True,True
0.65,4,6.2,1.032,-0.5242,0.05448,18.943,-0.13157,0.5507,True,True,True,True
0.75,8,3.7,0.836,-0.6648,0.04414,18.938,-0.07839,0.3051,True,True,True,True
0.65,4,5.9,1.0305,-0.5019,0.05443,18.933,-0.01255,1.4346,True,True,True,True
0.65,4,6.1,1.0318,-0.5026,0.0545,18.932,-0.10788,121.9196,True,True,True,True
0.65,4,6.0,1.0318,-0.5026,0.0545,18.932,-0.00333,0.4978,True,True,True,True
0.65,6,4.9,0.9572,-0.6531,0.05057,18.928,-0.24677,2.9859,True,True,True,True
0.65,4,5.8,1.03,-0.5001,0.05443,18.925,-0.1591,0.5877,True,True,True,True
0.65,10,0.8,0.5849,-0.8048,0.03091,18.923,-0.04714,0.3227,True,True,True,True
0.75,6,5.5,0.9994,-0.5879,0.05285,18.909,-0.10994,1.7954,True,True,True,True
0.7,10,-0.7,0.4466,-0.6482,0.02364,18.894,-0.05255,0.1797,True,True,True,True
0.7,10,0.3,0.5063,-0.7173,0.02681,18.886,-0.06042,0.3454,True,True,True,True
0.0,8,2.9,0.7752,-0.7314,0.04107,18.873,-0.07095,4.3532,True,True,True,True
0.0,8,3.0,0.7752,-0.7314,0.04107,18.873,-0.16238,24.1284,True,True,True,True
0.7,10,0.2,0.4985,-0.7071,0.02642,18.87,-0.05469,1.3856,True,True,True,True
0.75,6,5.4,0.9893,-0.5666,0.05244,18.866,-0.10406,1.9844,True,True,True,True
0.75,6,5.6,1.0015,-0.5886,0.05309,18.865,-0.02566,2.3768,True,True,True,True
0.7,8,4.4,0.9349,-0.7715,0.04957,18.86,-0.10497,1.8548,True,True,True,True
0.0,8,3.8,0.8953,-0.7917,0.04748,18.857,-0.06025,0.2758,True,True,True,True
0.75,6,5.3,0.9889,-0.5671,0.05247,18.846,-0.00431,0.022,True,True,True,True
0.0,2,7.2,1.094,-0.3302,0.0581,18.83,-0.27405,0.94,True,True,True,True
0.0,2,6.8,1.094,-0.3302,0.0581,18.83,-0.10406,0.2753,True,True,True,True
0.75,6,5.7,1.0016,-0.5931,0.0532,18.826,-0.04822,0.2089,True,True,True,True
0.65,10,1.9,0.7222,-0.8729,0.03838,18.82,-0.27596,8.0578,True,True,True,True
0.7,6,-1.2,0.3173,-0.2241,0.01687,18.805,-0.05898,0.2189,True,True,True,True
0.0,10,0.9,0.591,-0.7919,0.03145,18.791,-0.13039,0.9489,True,True,True,True
0.65,6,5.2,0.9589,-0.6558,0.05108,18.774,-0.02618,0.132,True,True,True,True
0.7,10,2.5,0.7622,-0.8533,0.04062,18.767,-0.13257,7.0275,True,True,True,True
0.65,6,-1.2,0.3228,-0.2454,0.0172,18.766,-0.13956,0.4716,True,True,True,True
0.65,10,0.9,0.5899,-0.8048,0.03144,18.766,-0.13395,0.9293,True,True,True,True
0.7,6,-1.0,0.3212,-0.2461,0.01714,18.737,-0.25986,8.9336,True,True,True,True
0.7,8,3.7,0.8502,-0.7393,0.04543,18.717,-0.10431,0.4004,True,True,True,True
0.65,8,3.3,0.8378,-0.7727,0.04476,18.716,-0.01802,0.0879,True,True,True,True
0.7,8,4.3,0.9264,-0.7505,0.04951,18.714,-0.13061,0.845,True,True,True,True
0.0,6,5.1,0.9452,-0.6553,0.05052,18.708,-0.02405,17.2,True,True,True,True
0.65,10,1.2,0.6282,-0.8327,0.03359,18.701,-0.0085,0.0427,True,True,True,True
0.0,4,5.8,0.9919,-0.506,0.05305,18.7,-0.14601,0.561,True,True,True,True
0.7,10,1.6,0.6613,-0.7693,0.03538,18.692,-0.04197,0.4851,True,True,True,True
0.75,10,-0.5,0.4272,-0.5694,0.02286,18.684,-0.11655,9.4805,True,True,True,True
0.0,6,-1.2,0.3213,-0.3122,0.0172,18.679,-0.01328,0.0495,True,True,True,True
0.65,6,-1.0,0.3268,-0.2896,0.0175,18.672,-0.1484,44.4148,True,True,True,True
0.75,10,-0.3,0.4381,-0.5914,0.02347,18.671,-0.0267,0.1119,True,True,True,True
0.65,6,-1.1,0.3262,-0.2673,0.01747,18.67,-0.2212,10.8581,True,True,True,True
0.0,4,6.2,0.9924,-0.5287,0.05316,18.668,-0.14491,0.4959,True,True,True,True
0.0,4,6.1,0.9919,-0.506,0.05315,18.664,-0.11315,52.9095,True,True,True,True
0.75,10,3.3,0.846,-0.7866,0.04535,18.656,-0.01772,0.0699,True,True,True,True
0.7,6,5.5,1.0084,-0.6441,0.05407,18.651,-0.13255,2.0304,True,True,True,True
0.75,6,-1.2,0.3102,-0.1792,0.01663,18.651,-0.06407,0.2425,True,True,True,True
0.65,10,2.2,0.7436,-0.8857,0.03989,18.644,-0.00489,0.0358,True,True,True,True
0.65,10,1.8,0.7153,-0.8323,0.03838,18.64,-0.06736,0.3887,True,True,True,True
0.7,6,-0.9,0.322,-0.2756,0.01728,18.636,-0.1479,36.5844,True,True,True,True
0.7,6,-0.8,0.322,-0.2756,0.01728,18.636,-0.00336,0.0142,True,True,True,True
0.7,10,3.8,0.9207,-0.9063,0.04945,18.62,-0.01491,0.0544,True,True,True,True
0.0,6,4.9,0.9448,-0.6553,0.05074,18.619,-0.26611,3.9094,True,True,True,True
0.7,2,6.8,1.0955,-0.3328,0.05885,18.617,-0.11684,0.4145,True,True,True,True
0.75,2,7.2,1.1,-0.3211,0.05909,18.614,-0.19796,0.616,True,True,True,True
0.0,8,4.0,0.8949,-0.7969,0.04808,18.611,-0.0042,0.054,True,True,True,True
0.0,8,3.4,0.838,-0.7695,0.04504,18.606,-0.04484,2.3789,True,True,True,True
0.7,6,-1.1,0.3162,-0.2237,0.017,18.598,-0.10957,5.5874,True,True,True,True
0.75,2,6.8,1.0915,-0.3189,0.05869,18.596,-0.11241,0.3994,True,True,True,True
0.0,8,3.6,0.8362,-0.7713,0.04498,18.589,-0.06458,0.8437,True,True,True,True
0.65,2,6.9,1.1005,-0.3435,0.05921,18.586,-0.00335,0.167,True,True,True,True
0.65,2,6.8,1.1005,-0.3435,0.05921,18.586,-0.10596,0.3701,True,True,True,True
0.7,2,7.2,1.0943,-0.3349,0.05889,18.583,-0.21175,0.7766,True,True,True,True
0.75,2,7.1,1.0906,-0.3193,0.05869,18.582,-0.00899,0.1917,True,True,True,True
0.7,6,5.3,0.9977,-0.619,0.05371,18.578,-0.00204,0.0108,True,True,True,True
0.7,6,5.4,0.9977,-0.619,0.05372,18.574,-0.12529,2.3498,True,True,True,True
0.65,2,7.0,1.1045,-0.3441,0.05947,18.572,-0.00335,0.167,True,True,True,True
0.65,2,7.2,1.1045,-0.3441,0.05947,18.572,-0.24932,0.9208,True,True,True,True
0.65,6,-0.8,0.3268,-0.297,0.01761,18.564,-0.02007,0.0853,True,True,True,True
0.0,10,1.2,0.6282,-0.8188,0.03387,18.547,-0.009,0.0406,True,True,True,True
0.0,8,4.1,0.9107,-0.7975,0.04911,18.543,-0.0119,0.1442,True,True,True,True
0.7,6,5.6,1.0108,-0.6455,0.05452,18.541,-0.02629,2.0083,True,True,True,True
0.0,6,5.2,0.945,-0.6601,0.05097,18.54,-0.02806,0.1643,True,True,True,True
0.75,6,-0.8,0.3149,-0.2247,0.01699,18.537,-0.05083,0.2143,True,True,True,True
0.75,4,6.3,1.0732,-0.4728,0.05791,18.533,-0.05024,0.2031,True,True,True,True
0.75,4,6.7,1.0723,-0.4882,0.05787,18.53,-0.07201,0.3306,True,True,True,True
0.0,8,3.1,0.7765,-0.7639,0.04191,18.529,-0.16145,2.9532,True,True,True,True
0.65,4,-0.8,0.2913,-0.0731,0.01572,18.524,-0.12451,0.502,True,True,True,True
0.65,8,4.4,0.9446,-0.8145,0.05102,18.515,-0.05281,1.2251,True,True,True,True
0.75,6,-0.9,0.3141,-0.21,0.01697,18.513,-0.22435,7.7127,True,True,True,True
0.75,10,3.0,0.797,-0.7817,0.04306,18.506,-0.05523,3.2823,True,True,True,True
0.65,10,-0.2,0.5098,-0.7621,0.02755,18.505,-0.12449,0.6378,True,True,True,True
0.75,10,3.4,0.8473,-0.7878,0.0458,18.501,-0.04927,2.0277,True,True,True,True
0.7,4,6.7,1.0765,-0.5214,0.0582,18.497,-0.07789,0.3599,True,True,True,True
0.65,8,4.2,0.9138,-0.8024,0.04941,18.496,-0.00936,0.0689,True,True,True,True
0.65,10,0.1,0.5096,-0.7689,0.02755,18.495,-0.03796,3.7039,True,True,True,True
0.0,10,0.6,0.5589,-0.7793,0.03022,18.494,-0.00456,1.2967,True,True,True,True
0.0,10,0.5,0.5593,-0.7803,0.03025,18.491,-0.06493,0.6813,True,True,True,True
0.7,4,-0.8,0.2879,-0.0573,0.01557,18.489,-0.09914,0.4073,True,True,True,True
0.75,6,-1.0,0.3091,-0.1799,0.01672,18.484,-0.15078,6.0203,True,True,True,True
0.75,10,-0.4,0.4296,-0.5938,0.02324,18.483,-0.10998,2.0032,True,True,True,True
0.7,4,6.4,1.0715,-0.5049,0.05798,18.48,-0.01269,0.5063,True,True,True,True
0.7,6,5.7,1.011,-0.6493,0.05471,18.48,-0.04442,0.1967,True,True,True,True
0.7,4,6.5,1.0765,-0.5075,0.05826,18.477,-0.01269,0.5063,True,True,True,True
0.7,4,6.3,1.0715,-0.5049,0.058,18.474,-0.03029,0.1299,True,True,True,True
0.65,10,0.5,0.5618,-0.7947,0.03042,18.467,-0.06238,0.7378,True,True,True,True
0.65,10,2.8,0.8221,-0.9273,0.04452,18.465,-0.03967,0.1938,True,True,True,True
0.0,10,1.8,0.7196,-0.8182,0.03897,18.465,-0.06621,0.4095,True,True,True,True
0.65,10,2.9,0.8221,-0.9279,0.04452,18.465,-0.08004,3.9186,True,True,True,True
0.65,10,1.1,0.6137,-0.8332,0.03324,18.463,-0.00541,0.075,True,True,True,True
0.65,10,0.0,0.5086,-0.763,0.02755,18.459,-0.02971,12.8939,True,True,True,True
0.65,10,0.7,0.5607,-0.7954,0.03038,18.454,-0.05824,0.453,True,True,True,True
0.75,10,3.5,0.8509,-0.7965,0.04612,18.449,-0.05089,2.636,True,True,True,True
0.0,10,-0.2,0.5052,-0.751,0.02739,18.442,-0.10374,0.5112,True,True,True,True
0.65,10,0.3,0.5182,-0.7796,0.02811,18.436,-0.05073,0.3204,True,True,True,True
0.0,10,0.1,0.5044,-0.7577,0.02737,18.432,-0.03901,5.2555,True,True,True,True
0.0,10,0.3,0.5149,-0.7651,0.02794,18.429,-0.03487,0.2027,True,True,True,True
0.65,10,-0.7,0.4565,-0.696,0.02478,18.423,-0.00866,0.0291,True,True,True,True
0.65,8,3.7,0.859,-0.7912,0.04664,18.419,-0.0909,0.3469,True,True,True,True
0.65,4,-1.1,0.2893,-0.0712,0.01571,18.419,-0.05109,7.5451,True,True,True,True
0.75,6,6.2,1.0561,-0.6207,0.05734,18.419,-0.06489,0.2938,True,True,True,True
0.65,8,4.3,0.9395,-0.8039,0.05102,18.415,-0.06037,0.3927,True,True,True,True
0.65,10,0.2,0.5106,-0.7706,0.02774,18.41,-0.05351,1.2358,True,True,True,True
0.75,8,5.2,0.9823,-0.7209,0.05337,18.407,-0.02202,0.075,True,True,True,True
0.0,6,5.5,0.9935,-0.6866,0.05398,18.404,-0.13746,1.7158,True,True,True,True
0.0,10,0.4,0.5399,-0.7663,0.02934,18.402,-0.07597,0.342,True,True,True,True
0.75,6,6.1,1.0548,-0.6175,0.05733,18.399,-0.02451,0.5335,True,True,True,True
0.65,4,-1.0,0.2894,-0.0733,0.01573,18.397,-0.01037,37.967,True,True,True,True
0.65,10,1.0,0.6138,-0.8316,0.03336,18.396,-0.1418,1.1918,True,True,True,True
0.75,10,2.7,0.751,-0.7614,0.04084,18.387,-0.07979,0.3313,True,True,True,True
0.65,6,5.5,1.016,-0.6812,0.05525,18.387,-0.1288,1.3845,True,True,True,True
0.7,10,3.3,0.8624,-0.8884,0.04692,18.381,-0.02796,0.1153,True,True,True,True
0.75,6,5.8,1.0477,-0.5982,0.057,18.38,-0.11373,0.4962,True,True,True,True
0.0,6,5.4,0.9793,-0.6609,0.05329,18.378,-0.1282,1.8043,True,True,True,True
0.65,10,0.4,0.5423,-0.7807,0.02951,18.378,-0.07548,0.3469,True,True,True,True
0.7,4,-1.0,0.2858,-0.0554,0.01555,18.373,-0.04852,6.2038,True,True,True,True
0.0,6,5.3,0.9793,-0.6609,0.0533,18.373,-0.00401,0.0234,True,True,True,True
0.75,6,6.0,1.0469,-0.6158,0.05699,18.37,-0.0086,0.2316,True,True,True,True
0.65,4,-1.2,0.288,-0.0631,0.01569,18.36,-0.15535,0.5439,True,True,True,True
0.0,10,0.7,0.56,-0.7812,0.03051,18.355,-0.06297,0.4651,True,True,True,True
0.0,8,3.3,0.8324,-0.7627,0.04535,18.354,-0.02925,0.1128,True,True,True,True
0.7,4,-0.9,0.2858,-0.0575,0.01558,18.351,-0.00946,0.8978,True,True,True,True
0.65,10,1.5,0.6704,-0.8549,0.03654,18.348,-0.07748,6.458,True,True,True,True
0.0,8,4.2,0.9114,-0.7993,0.04968,18.346,-0.02001,0.1877,True,True,True,True
0.65,4,6.3,1.0796,-0.5289,0.05885,18.345,-0.0237,0.0995,True,True,True,True
0.0,10,0.2,0.5055,-0.7593,0.02756,18.339,-0.03717,0.7093,True,True,True,True
0.65,10,1.4,0.6712,-0.8368,0.03661,18.335,-0.10016,1.186,True,True,True,True
0.0,10,1.0,0.6135,-0.818,0.03346,18.335,-0.1346,1.1969,True,True,True,True
0.0,10,1.1,0.6135,-0.8188,0.03346,18.333,-0.0041,0.0559,True,True,True,True
0.7,10,-0.3,0.4585,-0.6877,0.02501,18.331,-0.08854,0.3499,True,True,True,True
0.65,4,6.7,1.0798,-0.5404,0.05892,18.328,-0.05938,0.2734,True,True,True,True
0.65,8,4.6,0.9481,-0.8145,0.05175,18.32,-0.0108,0.5691,True,True,True,True
0.65,8,4.5,0.9481,-0.8145,0.05176,18.317,-0.00018,0.0098,True,True,True,True
0.65,10,2.4,0.7698,-0.8867,0.04203,18.316,-0.17668,9.9264,True,True,True,True
0.7,10,3.0,0.8153,-0.8837,0.04452,18.313,-0.06651,3.9087,True,True,True,True
0.65,10,2.3,0.7697,-0.8867,0.04203,18.313,-0.00489,0.0373,True,True,True,True
0.7,10,-0.4,0.4475,-0.6838,0.02444,18.308,-0.06447,1.0109,True,True,True,True
0.65,6,5.6,1.0175,-0.6823,0.0556,18.3,-0.00804,1.0391,True,True,True,True
0.7,10,-0.5,0.4458,-0.6748,0.02437,18.296,-0.1847,18.0117,True,True,True,True
0.65,6,5.3,0.9989,-0.6565,0.05459,18.296,-0.00371,0.0186,True,True,True,True
0.65,6,5.4,0.9989,-0.6565,0.05459,18.296,-0.12331,1.443,True,True,True,True
0.0,6,5.6,0.9953,-0.6884,0.05447,18.274,-0.0118,1.2802,True,True,True,True
0.7,4,-1.1,0.2843,-0.0478,0.01555,18.274,-0.03961,3.3629,True,True,True,True
0.75,4,-0.8,0.2819,-0.0199,0.01543,18.262,-0.11148,0.4636,True,True,True,True
0.75,10,3.2,0.7966,-0.7843,0.04366,18.247,-0.01966,0.0802,True,True,True,True
0.7,4,-1.2,0.2834,-0.0475,0.01553,18.246,-0.11705,0.4226,True,True,True,True
0.7,10,3.4,0.8634,-0.892,0.04739,18.22,-0.10161,5.6943,True,True,True,True
0.0,4,6.7,1.0542,-0.5462,0.05788,18.215,-0.06217,0.2026,True,True,True,True
0.65,10,2.0,0.7222,-0.8875,0.03965,18.212,-0.0643,0.6373,True,True,True,True
0.0,8,4.4,0.9371,-0.813,0.05147,18.205,-0.05773,1.453,True,True,True,True
0.0,10,2.2,0.7358,-0.8794,0.04042,18.205,-0.01802,0.1601,True,True,True,True
0.7,8,-1.1,0.3518,-0.4236,0.01933,18.2,-0.1001,7.557,True,True,True,True
0.0,10,1.3,0.6578,-0.8206,0.03615,18.197,-0.01571,0.0759,True,True,True,True
0.0,10,1.5,0.6688,-0.8401,0.03676,18.196,-0.08848,6.2632,True,True,True,True
0.65,6,5.7,1.0175,-0.6828,0.05594,18.191,-0.02771,0.1253,True,True,True,True
0.75,10,3.6,0.8512,-0.798,0.0468,18.188,-0.00344,13.9125,True,True,True,True
0.65,10,1.3,0.6535,-0.8349,0.03593,18.187,-0.02068,0.0962,True,True,True,True
0.0,10,1.4,0.6696,-0.8219,0.03682,18.185,-0.09754,1.766,True,True,True,True
0.0,10,2.1,0.7346,-0.8794,0.04042,18.175,-0.01476,0.1823,True,True,True,True
0.75,10,3.9,0.9018,-0.8026,0.04964,18.168,-0.22936,25.7621,True,True,True,True
0.65,8,4.7,0.9519,-0.8167,0.0524,18.166,-0.00853,0.0443,True,True,True,True
0.0,6,5.7,0.9954,-0.6889,0.05481,18.162,-0.02629,0.1331,True,True,True,True
0.75,4,-0.9,0.2798,-0.0188,0.01542,18.145,-0.03174,1.7545,True,True,True,True
0.0,0,7.7,1.1401,-0.1891,0.06284,18.141,-0.08655,0.6953,True,True,True,True
0.0,2,7.7,1.1523,-0.3897,0.06352,18.141,-0.08754,0.5275,True,True,True,True
0.7,6,6.2,1.0609,-0.6781,0.05848,18.141,-0.03371,0.1702,True,True,True,True
0.7,10,3.5,0.866,-0.9087,0.04777,18.128,-0.08334,3.0775,True,True,True,True
0.0,0,7.3,1.1402,-0.1636,0.0629,18.126,-0.15498,0.5359,True,True,True,True
0.0,2,7.5,1.1525,-0.385,0.06358,18.126,-0.02351,148.1942,True,True,True,True
0.0,2,7.3,1.1523,-0.385,0.06358,18.123,-0.27405,0.94,True,True,True,True
0.7,8,5.2,1.0001,-0.7979,0.0552,18.117,-0.0336,0.1274,True,True,True,True
0.7,8,5.0,0.9854,-0.804,0.05439,18.116,-0.18172,2.3547,True,True,True,True
0.75,10,2.6,0.7454,-0.7574,0.04116,18.109,-0.02991,0.7671,True,True,True,True
0.0,8,4.3,0.932,-0.8015,0.05148,18.106,-0.0687,0.5338,True,True,True,True
0.7,6,6.1,1.0586,-0.6747,0.05847,18.105,-0.01698,1.5018,True,True,True,True
0.7,6,5.8,1.056,-0.6544,0.05837,18.091,-0.12718,0.5681,True,True,True,True
0.7,6,5.9,1.0558,-0.6748,0.05837,18.088,-0.10154,7.6941,True,True,True,True
0.0,4,6.3,1.0504,-0.535,0.05811,18.076,-0.03177,0.1027,True,True,True,True
0.7,8,4.9,0.9796,-0.7675,0.05421,18.07,-0.19946,6.4935,True,True,True,True
0.75,4,-1.0,0.2783,-0.0136,0.01542,18.042,-0.02627,3.4803,True,True,True,True
0.75,4,-1.1,0.2783,-0.0136,0.01542,18.042,-0.00208,0.3457,True,True,True,True
0.65,10,2.5,0.7733,-0.9221,0.04287,18.04,-0.15983,5.6003,True,True,True,True
0.0,8,3.7,0.8515,-0.7846,0.04724,18.025,-0.10171,0.3442,True,True,True,True
0.75,8,-1.0,0.3406,-0.3627,0.0189,18.019,-0.07674,3.6635,True,True,True,True
0.0,8,4.6,0.94,-0.813,0.05218,18.013,-0.02065,1.0962,True,True,True,True
0.65,8,-1.2,0.3579,-0.4635,0.01987,18.011,-0.13611,0.5116,True,True,True,True
0.75,8,-0.9,0.3483,-0.3907,0.01934,18.008,-0.136,3.5944,True,True,True,True
0.7,10,2.7,0.7696,-0.8576,0.04275,18.001,-0.07234,0.3,True,True,True,True
0.7,8,-1.0,0.3558,-0.4469,0.01977,17.995,-0.11508,4.7667,True,True,True,True
0.7,10,3.2,0.8149,-0.8865,0.0453,17.988,-0.02082,0.0884,True,True,True,True
0.75,4,-1.2,0.2771,-0.0132,0.01541,17.983,-0.104,0.3825,True,True,True,True
0.65,8,-1.1,0.3644,-0.491,0.02027,17.977,-0.12134,4.6594,True,True,True,True
0.0,4,7.2,1.1158,-0.5486,0.06209,17.971,-0.28013,0.9911,True,True,True,True
0.0,4,6.9,1.1158,-0.5486,0.06212,17.962,-0.00833,8.486,True,True,True,True
0.0,4,6.8,1.1156,-0.5469,0.06212,17.959,-0.01191,0.0387,True,True,True,True
0.0,10,2.0,0.7196,-0.8765,0.04009,17.948,-0.09927,1.3261,True,True,True,True
0.65,10,-0.3,0.4701,-0.7381,0.02619,17.946,-0.15232,0.5613,True,True,True,True
0.75,4,7.2,1.1243,-0.4955,0.06267,17.941,-0.24113,0.793,True,True,True,True
0.65,6,6.2,1.0674,-0.7082,0.05951,17.935,-0.0173,0.0875,True,True,True,True
0.75,4,6.9,1.1164,-0.4908,0.06226,17.932,-0.013,6.4817,True,True,True,True
0.75,4,6.8,1.1159,-0.4887,0.06223,17.932,-0.01322,0.06,True,True,True,True
0.75,4,7.1,1.1163,-0.4913,0.06226,17.928,-0.02113,0.5291,True,True,True,True
0.7,4,6.8,1.1198,-0.523,0.06247,17.926,-0.0162,0.0739,True,True,True,True
0.7,4,7.2,1.1196,-0.526,0.06253,17.906,-0.21494,0.8126,True,True,True,True
0.7,10,4.0,0.9241,-0.9467,0.05161,17.905,-0.18074,40.0218,True,True,True,True
0.65,6,6.0,1.0657,-0.706,0.05954,17.9,-0.00177,0.0953,True,True,True,True
0.65,6,6.1,1.0657,-0.706,0.05954,17.9,-0.01077,1.3361,True,True,True,True
0.7,10,3.9,0.9238,-0.9097,0.05161,17.899,-0.20164,11.9472,True,True,True,True
0.65,10,3.8,0.93,-0.9677,0.05197,17.896,-0.01169,0.0433,True,True,True,True
0.65,10,1.6,0.6736,-0.8523,0.03767,17.878,-0.02237,0.2605,True,True,True,True
0.65,6,5.9,1.062,-0.7057,0.05943,17.87,-0.09093,4.495,True,True,True,True
0.0,8,4.7,0.9438,-0.8171,0.05283,17.864,-0.01682,0.0871,True,True,True,True
0.65,10,-0.5,0.4558,-0.7354,0.02552,17.864,-0.18435,46.6303,True,True,True,True
0.65,6,5.8,1.0617,-0.6878,0.05943,17.864,-0.11431,0.5136,True,True,True,True
0.7,2,7.7,1.1574,-0.382,0.06486,17.846,-0.10655,0.4338,True,True,True,True
0.75,2,7.3,1.1549,-0.3589,0.06473,17.842,-0.18897,0.6885,True,True,True,True
0.7,0,7.7,1.1513,-0.1905,0.06461,17.82,-0.10192,0.5354,True,True,True,True
0.75,0,7.3,1.1481,-0.1558,0.06443,17.82,-0.12146,0.4476,True,True,True,True
0.7,2,7.6,1.148,-0.3821,0.06445,17.814,-0.02261,0.4822,True,True,True,True
0.7,2,7.3,1.1487,-0.3773,0.06448,17.814,-0.21175,0.7782,True,True,True,True
0.75,2,7.7,1.1574,-0.3636,0.06498,17.813,-0.10421,0.5085,True,True,True,True
0.65,10,-0.4,0.4555,-0.7316,0.02558,17.812,-0.01354,0.1897,True,True,True,True
0.0,10,-0.3,0.4639,-0.7308,0.02605,17.812,-0.13349,0.4852,True,True,True,True
0.0,6,6.2,1.0393,-0.7114,0.05836,17.81,-0.02872,0.1295,True,True,True,True
0.65,4,6.9,1.1236,-0.5428,0.06311,17.802,-0.01364,0.5254,True,True,True,True
0.65,4,6.8,1.1233,-0.5407,0.0631,17.801,-0.01199,0.0548,True,True,True,True
0.65,8,5.0,0.9901,-0.8532,0.05562,17.8,-0.1942,13.7755,True,True,True,True
0.65,4,7.2,1.1285,-0.5435,0.06341,17.795,-0.25092,0.9599,True,True,True,True
0.75,2,7.6,1.1552,-0.3636,0.06493,17.792,-0.02351,2.1073,True,True,True,True
0.0,10,2.3,0.7571,-0.883,0.04256,17.789,-0.01802,0.1692,True,True,True,True
0.0,10,2.4,0.7571,-0.883,0.04256,17.789,-0.18753,21.5413,True,True,True,True
0.65,4,7.0,1.1285,-0.5435,0.06345,17.786,-0.00335,0.1367,True,True,True,True
0.75,0,7.7,1.1503,-0.1814,0.06468,17.784,-0.09867,0.6336,True,True,True,True
0.75,2,7.5,1.1552,-0.3589,0.06496,17.784,-0.02351,15.0812,True,True,True,True
0.7,0,7.6,1.1419,-0.1905,0.06421,17.784,-0.12789,2.7274,True,True,True,True
0.0,6,5.9,1.0351,-0.709,0.0582,17.784,-0.07646,6.6656,True,True,True,True
0.7,0,7.3,1.1425,-0.1648,0.06425,17.782,-0.11804,0.4385,True,True,True,True
0.0,6,5.8,1.0348,-0.6937,0.0582,17.78,-0.1002,0.5044,True,True,True,True
0.0,6,6.1,1.0371,-0.709,0.05833,17.78,-0.01238,1.1333,True,True,True,True
0.0,10,2.9,0.8038,-0.9272,0.04521,17.778,-0.05515,2.7915,True,True,True,True
0.0,10,2.8,0.8038,-0.9275,0.04521,17.778,-0.02282,0.1207,True,True,True,True
0.65,8,4.9,0.987,-0.814,0.05556,17.764,-0.18465,10.7216,True,True,True,True
0.75,0,7.6,1.1481,-0.1814,0.06464,17.762,-0.12789,11.4622,True,True,True,True
0.75,6,6.5,1.0991,-0.6354,0.0619,17.756,-0.27464,53.5016,True,True,True,True
0.75,6,6.3,1.099,-0.6305,0.0619,17.753,-0.06146,0.2865,True,True,True,True
0.75,6,6.4,1.099,-0.633,0.0619,17.753,-0.02463,35.7371,True,True,True,True
0.75,8,5.7,1.0382,-0.7719,0.05848,17.753,-0.00733,0.0422,True,True,True,True
0.75,6,6.6,1.1,-0.6879,0.06197,17.752,-0.2625,59.0647,True,True,True,True
0.65,2,7.3,1.1587,-0.394,0.06529,17.746,-0.24932,0.9208,True,True,True,True
0.65,2,7.7,1.1579,-0.3989,0.06529,17.736,-0.08596,0.4444,True,True,True,True
0.0,10,3.8,0.9288,-0.9676,0.05239,17.728,-0.02824,0.0925,True,True,True,True
0.65,0,7.3,1.1505,-0.1719,0.0649,17.727,-0.14031,0.5238,True,True,True,True
0.0,10,-0.4,0.4502,-0.7244,0.0254,17.725,-0.01286,0.1909,True,True,True,True
0.65,10,3.3,0.8729,-0.9525,0.04924,17.725,-0.018,0.0738,True,True,True,True
0.65,0,7.7,1.1498,-0.1984,0.06489,17.719,-0.08221,0.6111,True,True,True,True
0.75,8,5.3,1.0328,-0.7307,0.05831,17.712,-0.26298,1.0936,True,True,True,True
0.65,10,3.0,0.8262,-0.9433,0.04667,17.703,-0.08225,4.0264,True,True,True,True
0.75,8,-0.8,0.3481,-0.3899,0.01968,17.694,-0.0521,0.1842,True,True,True,True
0.7,10,2.6,0.764,-0.8534,0.0432,17.686,-0.02116,0.5779,True,True,True,True
0.0,0,8.1,1.165,-0.207,0.06591,17.676,-0.00289,13.7497,True,True,True,True
0.0,0,8.2,1.165,-0.207,0.06591,17.676,-0.16049,0.6684,True,True,True,True
0.0,0,7.8,1.165,-0.2064,0.06592,17.673,-0.08655,0.6953,True,True,True,True
0.65,8,5.2,0.9977,-0.8477,0.05654,17.647,-0.02238,0.075,True,True,True,True
0.0,10,1.6,0.6724,-0.8396,0.03813,17.637,-0.03113,0.3375,True,True,True,True
0.75,10,4.7,0.9682,-0.8955,0.0549,17.634,-0.05944,0.2746,True,True,True,True
0.7,8,-0.8,0.3556,-0.4454,0.02017,17.634,-0.08723,0.2951,True,True,True,True
0.75,10,-1.0,0.3704,-0.5353,0.02104,17.607,-0.20645,5.8068,True,True,True,True
0.75,10,-1.1,0.3694,-0.5313,0.02103,17.567,-0.02219,4.512,True,True,True,True
0.75,10,-1.2,0.3694,-0.5309,0.02103,17.567,-0.07355,0.3035,True,True,True,True
0.0,8,4.9,0.979,-0.8141,0.05578,17.552,-0.19366,101.4364,True,True,True,True
0.0,2,7.8,1.1855,-0.4072,0.06761,17.535,-0.08754,0.5275,True,True,True,True
0.0,8,5.0,0.979,-0.8551,0.05583,17.534,-0.20503,107.3389,True,True,True,True
0.75,10,4.6,0.9612,-0.8855,0.05482,17.533,-0.01673,0.2662,True,True,True,True
0.0,2,8.2,1.1856,-0.4078,0.06764,17.529,-0.17359,0.7837,True,True,True,True
0.75,10,-0.9,0.3765,-0.5726,0.02148,17.529,-0.13739,9.2451,True,True,True,True
0.7,6,6.6,1.1076,-0.7457,0.06319,17.529,-0.30579,28.0712,True,True,True,True
0.65,10,3.4,0.8741,-0.9546,0.04987,17.528,-0.07445,3.931,True,True,True,True
0.0,2,8.1,1.1855,-0.4078,0.06764,17.528,-0.00289,13.7497,True,True,True,True
0.0,8,5.2,0.9872,-0.8502,0.05633,17.525,-0.023,0.0908,True,True,True,True
0.75,10,4.4,0.9483,-0.8925,0.05412,17.522,-0.30021,13.865,True,True,True,True
0.7,6,6.5,1.1055,-0.6845,0.06316,17.504,-0.32235,6.8319,True,True,True,True
0.7,8,5.7,1.053,-0.8408,0.06017,17.501,-0.00062,0.0039,True,True,True,True
0.65,8,-0.8,0.3614,-0.4983,0.02066,17.496,-0.09797,0.3286,True,True,True,True
0.7,6,6.3,1.0982,-0.6815,0.06279,17.491,-0.01536,0.0822,True,True,True,True
0.7,6,6.4,1.0982,-0.6812,0.06279,17.491,-0.0152,0.4189,True,True,True,True
0.0,10,2.5,0.7588,-0.9205,0.04339,17.487,-0.18753,11.3529,True,True,True,True
0.75,10,4.8,1.0045,-0.8974,0.05744,17.487,-0.00893,0.0516,True,True,True,True
0.75,8,6.1,1.0879,-0.7905,0.06222,17.484,-0.06013,1.1764,True,True,True,True
0.75,10,4.9,1.0028,-0.8973,0.05737,17.481,-0.03795,5.7755,True,True,True,True
0.7,8,5.3,1.0478,-0.8106,0.06001,17.46,-0.2184,0.9936,True,True,True,True
0.75,8,5.9,1.0803,-0.7892,0.06191,17.45,-0.07789,2.0343,True,True,True,True
0.75,8,6.0,1.0803,-0.7892,0.06191,17.45,-0.00643,0.169,True,True,True,True
0.65,10,3.2,0.8253,-0.951,0.04731,17.446,-0.04085,0.175,True,True,True,True
0.75,10,5.1,1.0059,-0.9059,0.05771,17.431,-0.03647,1.7771,True,True,True,True
0.75,8,6.2,1.0906,-0.8012,0.06258,17.426,-0.07952,0.4328,True,True,True,True
0.75,10,5.0,1.0058,-0.905,0.05773,17.422,-0.04288,2.7316,True,True,True,True
0.7,10,4.4,0.9656,-0.9813,0.05542,17.421,-0.21028,3.7733,True,True,True,True
0.75,10,4.3,0.9513,-0.8321,0.05462,17.416,-0.26678,1.429,True,True,True,True
0.75,6,7.2,1.1542,-0.7197,0.06636,17.393,-0.17549,0.6708,True,True,True,True
0.65,10,3.5,0.8766,-0.9674,0.05042,17.387,-0.0639,2.3594,True,True,True,True
0.0,4,7.7,1.1777,-0.6047,0.06784,17.359,-0.06469,0.3415,True,True,True,True
0.7,10,4.7,0.983,-0.9925,0.05663,17.359,-0.09241,0.4969,True,True,True,True
0.0,4,7.5,1.1778,-0.6046,0.06786,17.357,-0.00075,0.0281,True,True,True,True
0.65,10,2.7,0.7812,-0.92,0.04501,17.354,-0.04305,0.185,True,True,True,True
0.75,8,5.8,1.0727,-0.7736,0.06182,17.352,-0.08644,0.4107,True,True,True,True
0.7,10,-1.0,0.3911,-0.6434,0.02255,17.344,-0.22706,5.9966,True,True,True,True
0.7,10,-1.2,0.3835,-0.598,0.02211,17.343,-0.06521,0.2566,True,True,True,True
0.7,10,-1.1,0.3835,-0.598,0.02211,17.343,-0.22709,5.9896,True,True,True,True
0.0,10,3.3,0.8667,-0.9444,0.05002,17.326,-0.02584,0.0848,True,True,True,True
0.7,0,7.9,1.18,-0.2109,0.06812,17.324,-0.00341,2.6491,True,True,True,True
0.7,0,7.8,1.18,-0.2109,0.06812,17.324,-0.10192,0.7104,True,True,True,True
0.75,0,8.2,1.1782,-0.2011,0.06815,17.287,-0.11362,0.4295,True,True,True,True
0.7,0,8.2,1.1821,-0.2116,0.06838,17.286,-0.11102,0.4029,True,True,True,True
0.7,10,4.6,0.9764,-0.9794,0.0565,17.282,-0.06399,1.3567,True,True,True,True
0.75,0,7.8,1.1792,-0.2011,0.06823,17.282,-0.09867,0.6825,True,True,True,True
0.65,6,6.6,1.1079,-0.7784,0.06411,17.28,-0.32289,29.6412,True,True,True,True
0.65,6,6.4,1.1053,-0.7123,0.06398,17.276,-0.02169,11.1563,True,True,True,True
0.65,6,6.3,1.1053,-0.7095,0.06398,17.276,-0.02051,0.1081,True,True,True,True
0.0,4,7.3,1.1723,-0.6046,0.06786,17.275,-0.28013,0.9911,True,True,True,True
0.75,6,7.1,1.1501,-0.6695,0.06661,17.267,-0.23405,14.3214,True,True,True,True
0.75,8,6.3,1.1247,-0.8064,0.06518,17.257,-0.04411,0.257,True,True,True,True
0.65,6,6.5,1.1057,-0.7138,0.06408,17.255,-0.3306,25.7533,True,True,True,True
0.7,0,8.0,1.1803,-0.2116,0.06842,17.251,-0.00341,5.972,True,True,True,True
0.0,8,5.4,1.031,-0.8983,0.05977,17.25,-0.19295,38.1308,True,True,True,True
0.7,2,7.9,1.1972,-0.4035,0.06945,17.237,-0.00341,1.8529,True,True,True,True
0.7,2,7.8,1.1972,-0.4035,0.06945,17.237,-0.10745,0.5406,True,True,True,True
0.65,8,5.7,1.0624,-0.8893,0.06165,17.232,-0.00808,0.0558,True,True,True,True
0.0,8,5.7,1.0407,-0.8975,0.06044,17.218,-0.00788,0.056,True,True,True,True
0.65,0,7.8,1.1767,-0.2148,0.06836,17.214,-0.08098,0.6073,True,True,True,True
0.65,8,5.4,1.05,-0.8906,0.061,17.213,-0.16547,7.4113,True,True,True,True
0.7,10,5.1,1.0312,-1.0011,0.05992,17.209,-0.01624,0.4644,True,True,True,True
0.7,10,4.3,0.9624,-0.9376,0.05593,17.208,-0.20779,1.1946,True,True,True,True
0.7,2,8.2,1.1993,-0.4041,0.06972,17.203,-0.12699,0.5041,True,True,True,True
0.65,10,3.6,0.8795,-0.9674,0.05113,17.202,-0.00105,0.0728,True,True,True,True
0.75,10,5.2,1.0099,-0.9123,0.05871,17.202,-0.03899,0.1503,True,True,True,True
0.65,10,4.0,0.9338,-1.0083,0.05429,17.2,-0.1875,21.8195,True,True,True,True
0.65,0,8.2,1.1756,-0.2148,0.06835,17.2,-0.12416,0.3954,True,True,True,True
0.65,10,3.7,0.8795,-0.9676,0.05114,17.2,-0.00123,0.0049,True,True,True,True
0.65,10,3.9,0.9336,-0.97,0.05429,17.195,-0.20306,10.5289,True,True,True,True
0.75,2,7.8,1.1962,-0.3845,0.06959,17.19,-0.10421,0.5378,True,True,True,True
0.7,8,5.9,1.0922,-0.8573,0.06356,17.184,-0.08173,1.9381,True,True,True,True
0.0,10,3.4,0.8679,-0.9471,0.05052,17.182,-0.09259,8.9759,True,True,True,True
0.75,2,8.2,1.1951,-0.3843,0.06956,17.181,-0.12571,0.5211,True,True,True,True
0.7,4,7.7,1.1859,-0.5711,0.06904,17.177,-0.09467,0.3724,True,True,True,True
0.7,8,6.1,1.0928,-0.8571,0.06362,17.176,-0.06014,1.9922,True,True,True,True
0.7,2,8.0,1.1975,-0.4041,0.06975,17.17,-0.00341,3.0335,True,True,True,True
0.7,4,7.6,1.1779,-0.5689,0.06863,17.163,-0.01124,0.2815,True,True,True,True
0.75,4,7.7,1.1846,-0.5392,0.06904,17.157,-0.07307,0.3402,True,True,True,True
0.7,10,-0.8,0.3869,-0.6364,0.02255,17.157,-0.02359,0.085,True,True,True,True
0.75,8,6.4,1.1249,-0.8101,0.06557,17.155,-0.03719,3.0359,True,True,True,True
0.65,2,7.8,1.1966,-0.4161,0.06979,17.145,-0.08596,0.4444,True,True,True,True
0.7,6,7.2,1.1531,-0.7851,0.06731,17.131,-0.15536,0.7322,True,True,True,True
0.7,10,4.9,1.0136,-0.992,0.05919,17.124,-0.01449,0.244,True,True,True,True
0.65,2,8.2,1.1954,-0.4163,0.06982,17.121,-0.14845,0.5157,True,True,True,True
0.75,4,7.3,1.1771,-0.5395,0.06877,17.117,-0.22,0.8329,True,True,True,True
0.0,8,5.3,1.03,-0.8597,0.0602,17.11,-0.24031,1.0968,True,True,True,True
0.0,6,6.6,1.0838,-0.7832,0.06337,17.103,-0.3226,29.6149,True,True,True,True
0.7,10,5.0,1.0255,-1.0007,0.05999,17.094,-0.04544,0.5151,True,True,True,True
0.7,8,5.8,1.0843,-0.841,0.06344,17.092,-0.08261,0.4217,True,True,True,True
0.0,10,4.0,0.9324,-1.0103,0.05457,17.088,-0.19002,142.3607,True,True,True,True
0.65,8,5.3,1.0495,-0.8573,0.06143,17.085,-0.21433,0.8191,True,True,True,True
0.7,4,7.3,1.1724,-0.569,0.06862,17.084,-0.21494,0.8143,True,True,True,True
0.0,10,3.9,0.9322,-0.972,0.05457,17.083,-0.21309,11.6351,True,True,True,True
0.0,6,6.5,1.0816,-0.7187,0.06331,17.083,-0.32864,28.6575,True,True,True,True
0.0,6,6.4,1.0815,-0.7175,0.06331,17.082,-0.02001,34.8332,True,True,True,True
0.0,6,6.3,1.0815,-0.7147,0.06332,17.08,-0.03032,0.1438,True,True,True,True
0.75,8,6.5,1.1271,-0.8138,0.06601,17.074,-0.02469,3.4976,True,True,True,True
0.7,8,6.2,1.0988,-0.8693,0.06436,17.072,-0.06678,0.3889,True,True,True,True
0.0,6,7.2,1.1546,-0.8312,0.06766,17.065,-0.24099,1.1755,True,True,True,True
0.75,8,6.7,1.1237,-0.8238,0.06591,17.049,-0.02042,0.0752,True,True,True,True
0.0,0,8.7,1.213,-0.2391,0.07115,17.048,-0.13025,0.3952,True,True,True,True
0.0,0,8.3,1.213,-0.2391,0.07115,17.048,-0.16049,0.669,True,True,True,True
0.65,4,7.5,1.1863,-0.5937,0.0696,17.043,-0.00183,0.0732,True,True,True,True
0.65,4,7.7,1.1858,-0.594,0.06962,17.031,-0.05742,0.2688,True,True,True,True
0.0,10,3.5,0.8687,-0.9629,0.05103,17.025,-0.07915,4.3093,True,True,True,True
0.75,10,5.5,1.056,-0.9326,0.06203,17.025,-0.05171,1.6221,True,True,True,True
0.75,10,5.3,1.0578,-0.9137,0.0622,17.007,-0.04659,0.2022,True,True,True,True
0.0,10,3.0,0.8078,-0.9385,0.0475,17.006,-0.05956,3.3492,True,True,True,True
0.65,4,7.3,1.1807,-0.5937,0.0696,16.964,-0.25092,0.9599,True,True,True,True
0.75,8,6.9,1.1804,-0.8492,0.06962,16.954,-0.14609,7.3157,True,True,True,True
0.75,8,6.8,1.1806,-0.8191,0.0697,16.939,-0.12702,0.4479,True,True,True,True
0.7,8,6.3,1.1271,-0.8704,0.06656,16.933,-0.00858,0.0605,True,True,True,True
0.0,2,8.3,1.2298,-0.4425,0.07274,16.907,-0.17359,0.7844,True,True,True,True
0.0,2,8.7,1.2298,-0.4428,0.07274,16.907,-0.08804,0.2734,True,True,True,True
0.65,6,7.2,1.1636,-0.8209,0.06895,16.876,-0.19876,0.9667,True,True,True,True
0.0,4,7.8,1.2156,-0.6177,0.07204,16.874,-0.06603,0.3513,True,True,True,True
0.7,10,5.2,1.0325,-1.004,0.06119,16.872,-0.02782,0.1179,True,True,True,True
0.0,4,8.0,1.2153,-0.6179,0.07204,16.87,-0.00289,0.8054,True,True,True,True
0.0,4,8.2,1.2158,-0.6463,0.07213,16.855,-0.23196,1.0239,True,True,True,True
0.0,4,8.1,1.216,-0.6185,0.07216,16.852,-0.14171,57.1916,True,True,True,True
0.0,10,3.6,0.8716,-0.9629,0.05173,16.848,-0.01685,1.4068,True,True,True,True
0.0,10,3.7,0.8711,-0.9663,0.05173,16.839,-0.02356,0.0824,True,True,True,True
0.65,10,4.6,0.9847,-1.0408,0.05849,16.837,-0.05792,3.2988,True,True,True,True
0.7,8,6.4,1.1271,-0.871,0.06702,16.819,-0.02796,0.6138,True,True,True,True
0.65,10,4.4,0.9738,-1.0418,0.0579,16.819,-0.21806,5.876,True,True,True,True
0.65,8,5.9,1.1005,-0.9113,0.06544,16.816,-0.10841,2.1493,True,True,True,True
0.0,10,2.7,0.766,-0.9226,0.04556,16.812,-0.03472,0.16,True,True,True,True
0.65,8,6.0,1.1024,-0.9122,0.06559,16.808,-0.00447,0.4662,True,True,True,True
0.65,8,6.1,1.1024,-0.9122,0.06559,16.808,-0.03837,1.2407,True,True,True,True
0.65,8,5.8,1.0923,-0.8905,0.06502,16.799,-0.11031,0.5787,True,True,True,True
0.75,6,7.7,1.2077,-0.7034,0.07191,16.796,-0.1448,0.5438,True,True,True,True
0.65,10,4.7,0.9882,-1.0522,0.05888,16.784,-0.08693,0.4096,True,True,True,True
0.0,8,5.8,1.0689,-0.8987,0.0637,16.78,-0.10628,0.6588,True,True,True,True
0.65,10,-1.1,0.3976,-0.6804,0.0237,16.776,-0.22787,5.4825,True,True,True,True
0.65,10,4.3,0.9773,-0.997,0.05827,16.773,-0.20194,1.2823,True,True,True,True
0.0,10,3.2,0.807,-0.9419,0.04813,16.768,-0.02672,0.0901,True,True,True,True
0.65,10,-1.2,0.3901,-0.6344,0.02329,16.752,-0.26468,0.9023,True,True,True,True
0.7,8,6.5,1.1362,-0.876,0.06787,16.741,-0.03512,0.7753,True,True,True,True
0.7,8,6.7,1.1343,-0.8835,0.06776,16.741,-0.02315,0.0835,True,True,True,True
0.75,4,8.2,1.2236,-0.5764,0.0731,16.739,-0.17237,0.7226,True,True,True,True
0.0,8,5.9,1.073,-0.9187,0.06411,16.737,-0.10011,4.8624,True,True,True,True
0.75,4,7.8,1.2254,-0.5538,0.07322,16.735,-0.07307,0.358,True,True,True,True
0.65,10,4.8,1.0272,-1.0582,0.06142,16.723,-0.02989,0.1534,True,True,True,True
0.65,10,4.9,1.0272,-1.0582,0.06142,16.723,-0.04856,1.0922,True,True,True,True
0.75,0,8.3,1.2312,-0.2239,0.07366,16.716,-0.11086,0.4302,True,True,True,True
0.75,0,8.7,1.2318,-0.225,0.07372,16.71,-0.11806,0.3391,True,True,True,True
0.75,0,8.5,1.2318,-0.2246,0.07372,16.71,-0.0067,0.635,True,True,True,True
0.75,0,8.4,1.2297,-0.2233,0.07363,16.701,-0.00394,1.2709,True,True,True,True
0.7,0,8.7,1.2343,-0.2338,0.07391,16.7,-0.11432,0.3257,True,True,True,True
0.7,0,8.3,1.2352,-0.2338,0.07399,16.695,-0.11102,0.4175,True,True,True,True
0.65,8,6.2,1.1086,-0.9199,0.06641,16.692,-0.04048,0.2399,True,True,True,True
0.0,8,6.1,1.073,-0.9187,0.06431,16.685,-0.05744,1.8449,True,True,True,True
0.65,10,-0.8,0.3953,-0.693,0.02369,16.685,-0.08124,0.2758,True,True,True,True
0.7,4,7.8,1.2288,-0.5878,0.07367,16.68,-0.08343,0.3893,True,True,True,True
0.7,10,5.3,1.0784,-1.0066,0.06468,16.674,-0.05095,0.2297,True,True,True,True
0.7,10,5.5,1.077,-1.0334,0.06461,16.67,-0.09296,2.2425,True,True,True,True
0.65,0,8.3,1.2384,-0.2396,0.07429,16.669,-0.12416,0.3954,True,True,True,True
0.65,0,8.5,1.2384,-0.2396,0.07429,16.669,-0.0016,1.2447,True,True,True,True
0.7,4,8.2,1.2304,-0.616,0.07381,16.669,-0.18668,0.7629,True,True,True,True
0.7,4,8.1,1.2293,-0.5888,0.07388,16.639,-0.1359,16.5023,True,True,True,True
0.7,8,6.9,1.1914,-0.9242,0.07165,16.629,-0.20064,9.3962,True,True,True,True
0.75,2,8.3,1.2435,-0.4095,0.07482,16.62,-0.12296,0.5245,True,True,True,True
0.7,8,6.8,1.1917,-0.8827,0.07171,16.617,-0.20336,0.7118,True,True,True,True
0.75,2,8.5,1.2441,-0.4104,0.07487,16.617,-0.0076,0.7199,True,True,True,True
0.65,0,8.7,1.2385,-0.2399,0.07454,16.614,-0.13123,0.375,True,True,True,True
0.75,2,8.7,1.2441,-0.4107,0.07489,16.611,-0.10276,0.3031,True,True,True,True
0.65,8,6.3,1.1361,-0.9203,0.0684,16.61,-0.00403,0.0292,True,True,True,True
0.7,4,8.0,1.2288,-0.5888,0.07399,16.607,-0.00509,1.9941,True,True,True,True
0.75,2,8.4,1.242,-0.4089,0.07479,16.606,-0.00484,1.5599,True,True,True,True
0.65,0,8.6,1.2386,-0.2399,0.07459,16.605,-0.0016,2.8059,True,True,True,True
0.7,2,8.3,1.2478,-0.4295,0.07516,16.603,-0.12699,0.5242,True,True,True,True
0.7,2,8.7,1.2469,-0.4294,0.0751,16.603,-0.09638,0.2819,True,True,True,True
0.0,8,6.2,1.0792,-0.9302,0.065,16.603,-0.06954,0.3015,True,True,True,True
0.0,6,7.7,1.2101,-0.8224,0.07291,16.597,-0.17185,0.6789,True,True,True,True
0.0,8,6.9,1.1951,-0.9852,0.07201,16.595,-0.20721,23.505,True,True,True,True
0.0,8,6.3,1.1191,-0.9326,0.06744,16.594,-0.01402,0.0705,True,True,True,True
0.0,8,6.8,1.1954,-0.9433,0.07205,16.59,-0.20541,0.5384,True,True,True,True
0.0,6,7.6,1.2085,-0.8224,0.07286,16.586,-0.00111,0.0417,True,True,True,True
0.7,6,7.7,1.2117,-0.7664,0.07311,16.573,-0.16798,0.5647,True,True,True,True
0.65,2,8.5,1.253,-0.446,0.07565,16.563,-0.0016,0.7476,True,True,True,True
0.65,2,8.3,1.253,-0.446,0.07565,16.563,-0.14845,0.5157,True,True,True,True
0.65,10,5.1,1.0355,-1.0685,0.06261,16.538,-0.0192,3.6092,True,True,True,True
0.65,10,5.0,1.0361,-1.0679,0.06267,16.533,-0.05184,1.2462,True,True,True,True
0.0,10,2.6,0.7604,-0.9205,0.046,16.531,-0.01027,0.2865,True,True,True,True
0.0,8,6.4,1.119,-0.933,0.06773,16.521,-0.01824,2.1454,True,True,True,True
0.65,4,7.8,1.2285,-0.6055,0.07437,16.519,-0.05742,0.2707,True,True,True,True
0.75,10,5.7,1.0626,-0.9295,0.06433,16.518,-0.02472,0.1242,True,True,True,True
0.0,10,4.4,0.9655,-1.0486,0.05845,16.518,-0.22717,6.7155,True,True,True,True
0.65,2,8.7,1.2533,-0.4463,0.07588,16.515,-0.09549,0.2791,True,True,True,True
0.65,4,8.0,1.2282,-0.6055,0.07437,16.515,-0.00084,0.4078,True,True,True,True
0.0,10,4.6,0.9758,-1.0478,0.05908,16.515,-0.07183,4.0911,True,True,True,True
0.75,10,5.8,1.1022,-0.9369,0.06676,16.51,-0.21822,1.0026,True,True,True,True
0.65,2,8.6,1.2534,-0.4463,0.07594,16.504,-0.0016,1.123,True,True,True,True
0.65,8,6.4,1.1362,-0.9207,0.06886,16.501,-0.01886,1.9456,True,True,True,True
0.65,4,8.2,1.2281,-0.6329,0.07445,16.496,-0.20396,0.7312,True,True,True,True
0.75,10,6.2,1.1141,-0.9747,0.06754,16.496,-0.12224,0.5498,True,True,True,True
0.75,10,6.1,1.1141,-0.9747,0.06754,16.496,-0.00766,0.1933,True,True,True,True
0.0,10,4.3,0.969,-1.002,0.05881,16.477,-0.21519,1.6075,True,True,True,True
0.0,10,4.7,0.9792,-1.0618,0.05947,16.466,-0.09575,0.5461,True,True,True,True
0.75,10,6.0,1.1062,-0.9731,0.06718,16.465,-0.00766,0.1933,True,True,True,True
0.75,10,5.9,1.1062,-0.9731,0.06718,16.465,-0.18104,9.0236,True,True,True,True
0.0,8,6.5,1.1208,-0.9363,0.06815,16.446,-0.032,3.5275,True,True,True,True
0.0,8,6.7,1.1188,-0.9441,0.06819,16.407,-0.01951,0.0524,True,True,True,True
0.0,10,-1.2,0.3926,-0.735,0.02394,16.401,-0.00166,0.0066,True,True,True,True
0.65,8,6.5,1.1381,-0.9241,0.06939,16.401,-0.03521,3.7323,True,True,True,True
0.65,8,6.7,1.1362,-0.9318,0.0694,16.37,-0.01546,0.0533,True,True,True,True
0.65,8,6.9,1.196,-0.9727,0.07317,16.346,-0.21175,3.9735,True,True,True,True
0.65,8,6.8,1.1961,-0.9308,0.07321,16.337,-0.20432,0.6827,True,True,True,True
0.0,10,5.1,1.0172,-1.0772,0.06226,16.337,-0.01946,1.9927,True,True,True,True
0.0,10,4.9,1.0108,-1.067,0.06191,16.328,-0.04769,1.5785,True,True,True,True
0.0,10,4.8,1.0108,-1.067,0.06191,16.328,-0.02563,0.1623,True,True,True,True
0.0,10,5.0,1.0169,-1.0765,0.06248,16.274,-0.05124,1.6113,True,True,True,True
0.65,10,5.2,1.0371,-1.0717,0.06379,16.259,-0.00284,0.0112,True,True,True,True
0.65,6,7.7,1.2156,-0.8092,0.07482,16.246,-0.12745,0.4755,True,True,True,True
0.7,10,5.8,1.1245,-1.0309,0.06935,16.216,-0.19344,0.9307,True,True,True,True
0.75,6,7.8,1.2588,-0.7324,0.07772,16.197,-0.1448,0.5665,True,True,True,True
0.7,10,5.9,1.1284,-1.0673,0.06968,16.193,-0.18191,9.4398,True,True,True,True
0.7,10,6.2,1.1283,-1.0673,0.06968,16.191,-0.08644,0.4089,True,True,True,True
0.65,10,5.5,1.0897,-1.0952,0.06732,16.188,-0.08704,1.4442,True,True,True,True
0.0,4,8.3,1.2613,-0.6649,0.07791,16.188,-0.1012,0.4293,True,True,True,True
0.75,6,8.2,1.259,-0.7412,0.07778,16.186,-0.09873,0.3894,True,True,True,True
0.75,6,8.1,1.2575,-0.7325,0.07769,16.185,-0.04628,6.3031,True,True,True,True
0.0,4,8.4,1.2629,-0.6665,0.07834,16.121,-0.00806,0.9976,True,True,True,True
0.75,4,8.3,1.272,-0.5882,0.07892,16.117,-0.05405,0.2259,True,True,True,True
0.0,10,5.2,1.0188,-1.0804,0.06322,16.116,-0.02825,0.1254,True,True,True,True
0.0,4,8.7,1.2629,-0.6712,0.07838,16.112,-0.16859,0.6629,True,True,True,True
0.75,4,8.7,1.2737,-0.5957,0.07906,16.112,-0.21293,0.8036,True,True,True,True
0.75,4,8.5,1.2737,-0.5896,0.07905,16.112,-0.01195,1.0644,True,True,True,True
0.75,4,8.4,1.2715,-0.5872,0.07894,16.108,-0.0072,0.8281,True,True,True,True
0.65,10,5.3,1.0862,-1.0691,0.06744,16.106,-0.02834,0.1199,True,True,True,True
0.0,10,5.3,1.0622,-1.0829,0.06595,16.106,-0.05374,0.258,True,True,True,True
0.65,10,5.4,1.0844,-1.0774,0.06734,16.103,-0.13054,7.426,True,True,True,True
0.0,10,5.5,1.0605,-1.1089,0.06587,16.1,-0.08669,6.1478,True,True,True,True
0.75,10,6.3,1.1586,-0.9991,0.07198,16.097,-0.12224,0.5498,True,True,True,True
0.0,2,8.8,1.2942,-0.4604,0.08047,16.082,-0.08804,0.2734,True,True,True,True
0.0,2,8.9,1.2942,-0.4604,0.08047,16.082,-0.02382,0.5316,True,True,True,True
0.0,0,8.9,1.2789,-0.2652,0.07953,16.081,-0.0786,3.4945,True,True,True,True
0.0,0,8.8,1.2789,-0.2652,0.07953,16.081,-0.13025,0.3952,True,True,True,True
0.0,6,8.2,1.2632,-0.8683,0.07874,16.043,-0.13198,0.54,True,True,True,True
0.0,6,7.8,1.2591,-0.8567,0.07863,16.013,-0.17185,0.7014,True,True,True,True
0.0,6,8.1,1.2591,-0.8573,0.07865,16.009,-0.05801,2.8102,True,True,True,True
0.0,0,9.0,1.2834,-0.2809,0.08026,15.99,-0.12252,2.928,True,True,True,True
0.75,8,-1.3,0.3006,-0.3757,0.0188,15.989,-0.07601,0.3051,True,True,True,True
0.7,4,8.3,1.2782,-0.6261,0.07995,15.988,-0.05002,0.2039,True,True,True,True
0.75,8,-1.4,0.2961,-0.3633,0.01855,15.964,-0.1653,3.4464,True,True,True,True
0.7,6,8.2,1.2699,-0.813,0.07957,15.96,-0.09682,0.3664,True,True,True,True
0.7,4,8.7,1.2785,-0.6296,0.08012,15.957,-0.19855,0.7413,True,True,True,True
0.7,8,-1.3,0.3068,-0.4245,0.01924,15.943,-0.0283,0.1183,True,True,True,True
0.7,6,7.8,1.2649,-0.8,0.07939,15.932,-0.16798,0.6317,True,True,True,True
0.7,8,-1.5,0.3025,-0.4118,0.019,15.924,-0.14267,3.6197,True,True,True,True
0.7,6,8.1,1.2647,-0.8014,0.07952,15.903,-0.05803,2.3334,True,True,True,True
0.65,8,-1.7,0.307,-0.4417,0.01935,15.868,-0.12475,0.53,True,True,True,True
0.65,4,8.3,1.2844,-0.6465,0.08095,15.867,-0.06999,0.2404,True,True,True,True
0.7,8,-1.4,0.3053,-0.4212,0.01924,15.867,-0.06312,2.9419,True,True,True,True
0.65,6,-1.6,0.2694,-0.2389,0.017,15.853,-0.12847,9.0116,True,True,True,True
0.65,4,8.4,1.2863,-0.6469,0.08115,15.851,-0.00193,0.2014,True,True,True,True
0.7,10,6.5,1.1786,-1.0925,0.07449,15.823,-0.04377,1.0912,True,True,True,True
0.7,6,-1.6,0.2627,-0.1974,0.01662,15.805,-0.08546,7.88,True,True,True,True
0.7,6,-1.7,0.2627,-0.1974,0.01662,15.805,-0.02599,0.0979,True,True,True,True
0.75,8,7.7,1.2451,-0.8934,0.07879,15.802,-0.13106,0.5471,True,True,True,True
0.7,10,6.3,1.1706,-1.0846,0.07413,15.791,-0.08644,0.4089,True,True,True,True
0.65,4,8.7,1.2861,-0.6511,0.08145,15.791,-0.18092,0.6725,True,True,True,True
0.7,10,6.4,1.1706,-1.0846,0.07413,15.791,-0.03978,0.9919,True,True,True,True
0.75,10,7.1,1.213,-1.0198,0.07689,15.776,-0.03423,1.9241,True,True,True,True
0.75,8,7.3,1.2417,-0.8301,0.07875,15.768,-0.23873,1.0583,True,True,True,True
0.65,8,-1.3,0.3112,-0.4638,0.01974,15.768,-0.00858,0.0362,True,True,True,True
0.0,0,9.3,1.3142,-0.2973,0.08335,15.767,-0.03834,0.2844,True,True,True,True
0.65,10,6.2,1.1391,-1.1234,0.07228,15.758,-0.02636,0.1293,True,True,True,True
0.7,2,8.9,1.3153,-0.4487,0.08348,15.755,-0.00633,0.2257,True,True,True,True
0.65,10,5.8,1.1338,-1.097,0.07196,15.755,-0.18477,0.9212,True,True,True,True
0.65,6,-1.7,0.2669,-0.2161,0.01694,15.754,-0.15616,0.5587,True,True,True,True
0.7,2,8.8,1.3153,-0.4487,0.0835,15.752,-0.09638,0.2819,True,True,True,True
0.75,2,8.9,1.312,-0.431,0.0833,15.751,-0.00909,0.2295,True,True,True,True
0.65,10,6.0,1.139,-1.1268,0.07231,15.751,-0.00249,0.2678,True,True,True,True
0.75,2,8.8,1.3119,-0.431,0.0833,15.749,-0.10121,0.2981,True,True,True,True
0.65,8,-1.6,0.3083,-0.4589,0.01959,15.735,-0.10039,5.7043,True,True,True,True
0.75,0,8.9,1.3016,-0.2483,0.08273,15.733,-0.06128,4.377,True,True,True,True
0.0,0,9.1,1.2873,-0.2897,0.08182,15.733,-0.04392,2.2695,True,True,True,True
0.0,0,9.2,1.2873,-0.2897,0.08182,15.733,-0.03834,0.2844,True,True,True,True
0.7,10,6.7,1.1777,-1.0953,0.07486,15.732,-0.0335,0.1184,True,True,True,True
0.75,0,8.8,1.3015,-0.2483,0.08273,15.731,-0.11651,0.3341,True,True,True,True
0.7,0,8.9,1.3045,-0.2567,0.08293,15.73,-0.05852,23.9292,True,True,True,True
0.7,0,8.8,1.3045,-0.2567,0.08295,15.728,-0.11432,0.3257,True,True,True,True
0.65,8,-1.5,0.3106,-0.4617,0.01975,15.727,-0.01415,1.2259,True,True,True,True
0.65,8,-1.4,0.3106,-0.4617,0.01975,15.727,-0.0101,2.9797,True,True,True,True
0.0,6,-1.7,0.2702,-0.313,0.01718,15.725,-0.02841,0.1063,True,True,True,True
0.75,8,-1.5,0.291,-0.3427,0.01852,15.718,-0.10325,4.0767,True,True,True,True
0.65,10,5.9,1.1371,-1.1263,0.07236,15.716,-0.14911,5.6937,True,True,True,True
0.75,0,9.0,1.3043,-0.2605,0.08301,15.712,-0.09665,4.2773,True,True,True,True
0.65,6,7.8,1.2692,-0.8347,0.08082,15.704,-0.12745,0.4755,True,True,True,True
0.65,10,5.7,1.097,-1.0894,0.06986,15.703,-0.01096,0.0587,True,True,True,True
0.65,6,8.2,1.2713,-0.8467,0.08096,15.702,-0.11315,0.3968,True,True,True,True
0.7,8,-1.6,0.2974,-0.3927,0.01894,15.701,-0.07404,9.4972,True,True,True,True
0.65,6,8.1,1.268,-0.8347,0.08079,15.695,-0.05997,5.7389,True,True,True,True
0.75,6,-1.7,0.2569,-0.1574,0.01639,15.677,-0.02574,0.0981,True,True,True,True
0.7,0,9.0,1.305,-0.2684,0.0833,15.666,-0.10111,3.7308,True,True,True,True
0.0,8,7.7,1.2554,-1.0228,0.08014,15.666,-0.10028,0.4635,True,True,True,True
0.7,8,7.3,1.2537,-0.8963,0.08007,15.656,-0.22373,0.9106,True,True,True,True
0.65,2,8.9,1.3236,-0.4654,0.08463,15.64,-0.01208,0.2535,True,True,True,True
0.0,8,7.3,1.2567,-0.968,0.08039,15.632,-0.22465,0.8633,True,True,True,True
0.0,2,9.0,1.3032,-0.4652,0.08339,15.628,-0.06597,1.2084,True,True,True,True
0.65,2,8.8,1.3218,-0.4654,0.08461,15.622,-0.09549,0.2716,True,True,True,True
0.65,6,-1.3,0.267,-0.2394,0.01709,15.618,-0.06082,0.2181,True,True,True,True
0.7,6,-1.3,0.2623,-0.2119,0.0168,15.617,-0.06136,0.2233,True,True,True,True
0.65,0,8.9,1.3107,-0.2662,0.08395,15.613,-0.06686,2.5468,True,True,True,True
0.7,10,6.8,1.2352,-1.1,0.07914,15.608,-0.02356,0.082,True,True,True,True
0.65,0,8.8,1.3086,-0.2662,0.08392,15.594,-0.13123,0.3637,True,True,True,True
0.0,10,5.8,1.0994,-1.111,0.07054,15.586,-0.15594,0.8256,True,True,True,True
0.65,0,9.0,1.3139,-0.2795,0.08435,15.577,-0.10223,3.425,True,True,True,True
0.0,4,8.8,1.3138,-0.7002,0.08436,15.574,-0.14536,0.5829,True,True,True,True
0.75,0,9.3,1.334,-0.2745,0.08567,15.572,-0.0338,0.2425,True,True,True,True
0.0,10,5.7,1.0646,-1.1032,0.0684,15.564,-0.01251,0.0693,True,True,True,True
0.0,4,8.9,1.3128,-0.7002,0.08436,15.563,-0.00656,0.1539,True,True,True,True
0.0,8,-1.7,0.3137,-0.5366,0.02016,15.559,-0.0107,0.0474,True,True,True,True
0.75,0,9.2,1.3061,-0.2677,0.08396,15.557,-0.03461,0.2482,True,True,True,True
0.75,0,9.1,1.3061,-0.2676,0.08401,15.546,-0.03617,3.9477,True,True,True,True
0.0,2,9.3,1.3274,-0.5253,0.08543,15.538,-0.2582,2.3193,True,True,True,True
0.0,10,5.9,1.1024,-1.1344,0.07097,15.534,-0.11725,7.8675,True,True,True,True
0.75,10,-1.4,0.3202,-0.5173,0.02062,15.525,-0.06098,4.7992,True,True,True,True
0.0,4,9.0,1.3223,-0.7016,0.0852,15.52,-0.02927,0.5068,True,True,True,True
0.7,0,9.1,1.31,-0.2769,0.08441,15.518,-0.04259,1.7273,True,True,True,True
0.7,0,9.2,1.31,-0.2769,0.08441,15.518,-0.03685,0.2612,True,True,True,True
0.7,8,7.7,1.2541,-0.9602,0.08082,15.517,-0.16297,0.6829,True,True,True,True
0.0,10,6.2,1.1024,-1.1344,0.07107,15.511,-0.042,0.1586,True,True,True,True
0.7,0,9.3,1.3382,-0.2843,0.08629,15.508,-0.03712,0.2631,True,True,True,True
0.75,6,-1.4,0.2554,-0.162,0.01648,15.499,-0.05263,27.2969,True,True,True,True
0.75,10,7.2,1.2165,-1.0267,0.07853,15.491,-0.01852,0.0737,True,True,True,True
0.75,6,8.5,1.3088,-0.756,0.08454,15.482,-0.04421,2.554,True,True,True,True
0.65,10,6.3,1.1798,-1.1321,0.07624,15.474,-0.04337,0.213,True,True,True,True
0.0,6,-1.3,0.2661,-0.3086,0.0172,15.472,-0.0181,0.0656,True,True,True,True
0.0,10,6.8,1.2341,-1.1521,0.07976,15.472,-0.01974,0.0502,True,True,True,True
0.75,6,-1.3,0.2563,-0.1671,0.01657,15.47,-0.08598,0.3139,True,True,True,True
0.65,0,9.3,1.343,-0.29,0.08683,15.466,-0.01685,0.1238,True,True,True,True
0.75,10,-1.5,0.3184,-0.5044,0.02059,15.464,-0.07708,3.7943,True,True,True,True
0.0,6,8.5,1.3079,-0.8837,0.08462,15.457,-0.0166,1.9723,True,True,True,True
0.7,10,7.1,1.2339,-1.1202,0.07986,15.452,-0.04689,5.9368,True,True,True,True
0.75,4,9.0,1.3352,-0.6322,0.08641,15.451,-0.01416,0.2603,True,True,True,True
0.75,6,8.3,1.3082,-0.7522,0.08467,15.451,-0.06527,0.2674,True,True,True,True
0.75,6,8.4,1.3078,-0.7542,0.08468,15.444,-0.01889,6.3749,True,True,True,True
0.75,4,8.8,1.3267,-0.6322,0.08591,15.444,-0.18242,0.7077,True,True,True,True
0.0,6,8.3,1.308,-0.8837,0.0847,15.443,-0.07686,0.3435,True,True,True,True
0.0,2,9.2,1.3051,-0.4736,0.08454,15.437,-0.2582,2.3193,True,True,True,True
0.0,2,9.1,1.3051,-0.4736,0.08454,15.437,-0.04214,4.3109,True,True,True,True
0.65,8,7.7,1.2605,-1.0107,0.08173,15.422,-0.10046,0.4325,True,True,True,True
0.75,6,8.6,1.3112,-0.7631,0.08503,15.421,-0.04029,3.313,True,True,True,True
0.75,6,8.7,1.3112,-0.7641,0.08503,15.421,-0.0934,0.398,True,True,True,True
0.65,0,9.1,1.3166,-0.2866,0.08546,15.407,-0.03537,3.8307,True,True,True,True
0.75,10,-1.7,0.3166,-0.5033,0.02055,15.406,-0.07813,0.2906,True,True,True,True
0.0,6,8.6,1.3096,-0.887,0.08502,15.404,-0.0166,1.8984,True,True,True,True
0.0,6,8.7,1.3096,-0.887,0.08502,15.404,-0.07414,0.3362,True,True,True,True
0.65,0,9.2,1.3157,-0.2866,0.08543,15.402,-0.01685,0.128,True,True,True,True
0.75,2,9.0,1.3198,-0.4328,0.08575,15.391,-0.04269,1.0082,True,True,True,True
0.65,10,6.7,1.1796,-1.1375,0.07666,15.388,-0.02624,0.0846,True,True,True,True
0.65,8,7.3,1.2623,-0.9505,0.08205,15.385,-0.2325,0.988,True,True,True,True
0.7,4,8.8,1.332,-0.6656,0.08659,15.384,-0.17952,0.6888,True,True,True,True
0.65,10,6.9,1.2416,-1.1413,0.08076,15.375,-0.14226,5.2226,True,True,True,True
0.65,10,6.8,1.2416,-1.1413,0.08076,15.375,-0.01882,0.0607,True,True,True,True
0.75,8,8.2,1.2908,-0.925,0.08397,15.373,-0.02067,0.0892,True,True,True,True
0.75,8,7.9,1.291,-0.9248,0.08399,15.372,-0.02352,2.3191,True,True,True,True
0.75,10,-1.6,0.3161,-0.5019,0.02057,15.368,-0.00531,0.5878,True,True,True,True
0.75,8,8.1,1.2907,-0.925,0.08399,15.367,-0.00337,7.063,True,True,True,True
0.0,4,9.2,1.3243,-0.7061,0.08621,15.362,-0.04614,0.2592,True,True,True,True
0.0,4,9.1,1.3243,-0.7061,0.08621,15.362,-0.0227,2.2446,True,True,True,True
0.75,2,9.3,1.346,-0.471,0.08764,15.359,-0.15612,1.2212,True,True,True,True
0.0,10,7.1,1.2339,-1.1766,0.08034,15.358,-0.04188,5.3654,True,True,True,True
0.75,10,-1.3,0.3209,-0.5166,0.0209,15.355,-0.06788,0.2758,True,True,True,True
0.7,2,9.0,1.3209,-0.4499,0.08603,15.354,-0.04804,1.1029,True,True,True,True
0.75,8,7.8,1.2887,-0.9196,0.08395,15.351,-0.15693,0.6832,True,True,True,True
0.0,10,6.3,1.1554,-1.1428,0.07528,15.347,-0.042,0.1586,True,True,True,True
0.7,4,9.0,1.338,-0.6645,0.0872,15.345,-0.02136,0.3998,True,True,True,True
0.75,4,9.1,1.3362,-0.635,0.08708,15.344,-0.01744,3.8421,True,True,True,True
0.75,4,9.2,1.3361,-0.6357,0.08708,15.343,-0.05534,0.274,True,True,True,True
0.7,10,7.2,1.2355,-1.1296,0.08053,15.342,-0.02655,0.1116,True,True,True,True
0.7,2,9.3,1.3491,-0.4929,0.08825,15.287,-0.17343,1.381,True,True,True,True
0.65,10,7.1,1.2471,-1.1697,0.08159,15.285,-0.05254,6.7307,True,True,True,True
0.65,10,7.0,1.2471,-1.1697,0.08159,15.285,-0.14226,5.2226,True,True,True,True
0.0,10,6.7,1.1554,-1.1482,0.07562,15.279,-0.02863,0.0727,True,True,True,True
0.65,2,9.0,1.3314,-0.4678,0.08719,15.269,-0.04568,1.0423,True,True,True,True
0.75,2,9.2,1.3205,-0.4398,0.08649,15.268,-0.1574,1.2311,True,True,True,True
0.0,8,8.2,1.3012,-1.0492,0.08525,15.263,-0.03315,0.157,True,True,True,True
0.0,8,8.1,1.3012,-1.0492,0.08525,15.262,-0.02703,128.5226,True,True,True,True
0.0,10,7.2,1.2355,-1.185,0.08096,15.26,-0.06063,0.2389,True,True,True,True
0.0,8,7.9,1.3012,-1.0438,0.08527,15.26,-0.00467,0.3777,True,True,True,True
0.75,2,9.1,1.3205,-0.4395,0.08655,15.258,-0.03487,10.5799,True,True,True,True
0.7,6,8.5,1.3175,-0.8217,0.08636,15.257,-0.01754,2.9501,True,True,True,True
0.7,4,9.1,1.3413,-0.6698,0.08798,15.244,-0.02662,1.6309,True,True,True,True
0.7,4,9.2,1.3413,-0.6698,0.08798,15.244,-0.05485,0.2652,True,True,True,True
0.65,2,9.3,1.3538,-0.505,0.08881,15.244,-0.15312,1.367,True,True,True,True
0.7,10,-1.5,0.3305,-0.5794,0.02169,15.233,-0.09518,2.9199,True,True,True,True
0.0,8,7.8,1.2987,-1.0429,0.08526,15.233,-0.10495,0.4589,True,True,True,True
0.7,2,9.1,1.324,-0.4583,0.08692,15.232,-0.04171,2.69,True,True,True,True
0.7,6,8.4,1.3175,-0.8215,0.0865,15.232,-0.00467,293.2208,True,True,True,True
0.7,6,8.3,1.3175,-0.8208,0.0865,15.232,-0.04224,0.1772,True,True,True,True
0.7,2,9.2,1.324,-0.4583,0.08692,15.232,-0.17317,1.3789,True,True,True,True
0.65,6,8.5,1.325,-0.858,0.08712,15.208,-0.02486,3.3919,True,True,True,True
0.65,4,9.0,1.35,-0.6832,0.0888,15.202,-0.01416,0.2587,True,True,True,True
0.65,6,8.3,1.3251,-0.8573,0.0872,15.196,-0.05662,0.2106,True,True,True,True
0.65,4,8.8,1.3401,-0.6837,0.0882,15.194,-0.16043,0.594,True,True,True,True
0.7,6,8.7,1.319,-0.825,0.08687,15.184,-0.07984,0.3259,True,True,True,True
0.7,6,8.6,1.3187,-0.825,0.08687,15.18,-0.01631,2.2308,True,True,True,True
0.75,10,7.5,1.2639,-1.0512,0.08328,15.176,-0.00518,0.1035,True,True,True,True
0.75,10,7.3,1.2632,-1.0235,0.08327,15.17,-0.11948,0.5021,True,True,True,True
0.7,10,-1.4,0.3327,-0.5866,0.02194,15.162,-0.02792,2.564,True,True,True,True
0.75,10,7.4,1.2641,-1.0506,0.08337,15.162,-0.13852,38.7115,True,True,True,True
0.65,4,-1.5,0.2371,-0.0501,0.01564,15.162,-0.03065,7.437,True,True,True,True
0.75,10,7.7,1.2779,-1.0509,0.08447,15.129,-0.01994,0.1047,True,True,True,True
0.65,2,9.1,1.3323,-0.4745,0.08806,15.129,-0.03285,173.1378,True,True,True,True
0.65,2,9.2,1.3314,-0.4744,0.08804,15.123,-0.15238,1.4204,True,True,True,True
0.7,10,-1.3,0.3326,-0.585,0.022,15.123,-0.05722,0.2252,True,True,True,True
0.65,10,7.2,1.2486,-1.1802,0.08257,15.122,-0.0548,0.2436,True,True,True,True
0.7,10,-1.7,0.3265,-0.5653,0.0216,15.117,-0.0896,0.327,True,True,True,True
0.65,4,-1.6,0.2363,-0.044,0.01564,15.109,-0.08798,8.1408,True,True,True,True
0.7,8,8.2,1.3059,-1.0059,0.08643,15.109,-0.01078,0.0443,True,True,True,True
0.0,4,9.3,1.3599,-0.7153,0.09012,15.09,-0.04457,0.2504,True,True,True,True
0.65,4,9.2,1.35,-0.6858,0.08947,15.089,-0.03017,0.1692,True,True,True,True
0.7,10,-1.6,0.3261,-0.5675,0.02162,15.084,-0.07057,3.5982,True,True,True,True
0.7,4,-1.5,0.233,-0.0286,0.01545,15.083,-0.09374,6.7555,True,True,True,True
0.7,8,7.9,1.3023,-0.9983,0.08639,15.075,-0.03688,2.5443,True,True,True,True
0.65,4,-1.7,0.235,-0.0325,0.01559,15.074,-0.12896,0.4644,True,True,True,True
0.7,8,8.1,1.3022,-1.0059,0.08651,15.054,-0.0288,1.614,True,True,True,True
0.7,8,7.8,1.2994,-0.9928,0.08638,15.043,-0.19042,0.7904,True,True,True,True
0.0,6,9.0,1.3531,-0.9093,0.09006,15.024,-0.18485,15.9755,True,True,True,True
0.0,6,8.8,1.3537,-0.9019,0.09019,15.01,-0.10498,0.4982,True,True,True,True
0.7,4,-1.7,0.231,-0.0163,0.01539,15.008,-0.05123,0.1933,True,True,True,True
0.7,4,-1.6,0.231,-0.0161,0.01539,15.008,-0.06173,6.3286,True,True,True,True
0.65,6,8.7,1.3263,-0.863,0.08838,15.007,-0.08179,0.3395,True,True,True,True
0.0,6,9.2,1.3539,-0.9592,0.09028,14.996,-0.06686,0.305,True,True,True,True
0.0,6,9.1,1.3541,-0.945,0.09031,14.994,-0.24946,62.8724,True,True,True,True
0.7,10,7.3,1.2815,-1.1255,0.08548,14.993,-0.08653,0.3627,True,True,True,True
0.7,10,7.4,1.2832,-1.1469,0.08565,14.982,-0.10688,21.712,True,True,True,True
0.65,6,8.6,1.3265,-0.863,0.08855,14.98,-0.02486,3.757,True,True,True,True
0.65,8,7.9,1.3089,-1.0344,0.08742,14.972,-0.0178,1.8682,True,True,True,True
0.65,8,8.2,1.3079,-1.0396,0.08737,14.969,-0.01372,0.0574,True,True,True,True
0.0,10,7.3,1.2847,-1.1888,0.08591,14.954,-0.16778,0.6826,True,True,True,True
0.65,8,7.8,1.307,-1.0308,0.08741,14.953,-0.11826,0.489,True,True,True,True
0.75,6,9.2,1.3559,-0.8196,0.09072,14.946,-0.06147,0.2405,True,True,True,True
0.75,8,8.3,1.3371,-0.9291,0.08966,14.913,-0.02299,0.1018,True,True,True,True
0.75,4,9.3,1.3765,-0.6461,0.09236,14.904,-0.05205,0.2573,True,True,True,True
0.75,8,8.5,1.336,-0.9309,0.08967,14.9,-0.00628,43.0203,True,True,True,True
0.75,6,8.8,1.3582,-0.7818,0.09125,14.883,-0.11563,0.5095,True,True,True,True
0.65,4,-1.3,0.2322,-0.0402,0.01564,14.85,-0.06496,0.2553,True,True,True,True
0.7,4,-1.3,0.2289,-0.0244,0.01544,14.82,-0.06335,0.2554,True,True,True,True
0.75,8,8.7,1.336,-0.9534,0.09024,14.806,-0.15046,0.6174,True,True,True,True
0.0,8,8.3,1.3434,-1.0558,0.09088,14.782,-0.03745,0.1775,True,True,True,True
0.7,4,9.3,1.3826,-0.6808,0.09356,14.778,-0.05994,0.2898,True,True,True,True
0.75,10,7.8,1.3122,-1.0556,0.08887,14.766,-0.13789,0.7703,True,True,True,True
0.75,10,7.9,1.3137,-1.0785,0.08902,14.757,-0.11362,15.3242,True,True,True,True
0.65,4,9.3,1.3867,-0.692,0.094,14.752,-0.03091,0.1683,True,True,True,True
0.75,10,8.2,1.3135,-1.0866,0.08905,14.75,-0.19806,0.747,True,True,True,True
0.7,6,9.2,1.3657,-0.8897,0.09262,14.745,-0.05945,0.245,True,True,True,True
0.7,10,7.7,1.2967,-1.1457,0.08795,14.744,-0.02313,0.1271,True,True,True,True
0.7,6,9.1,1.3658,-0.8751,0.09267,14.738,-0.22683,115.0506,True,True,True,True
0.7,6,8.8,1.3677,-0.841,0.09291,14.721,-0.09453,0.4008,True,True,True,True
0.65,10,7.3,1.2921,-1.1807,0.08779,14.718,-0.15103,0.6692,True,True,True,True
0.0,8,8.7,1.3434,-1.0816,0.0914,14.698,-0.16912,0.7519,True,True,True,True
0.65,10,-1.5,0.3389,-0.6241,0.02306,14.695,-0.01692,0.7556,True,True,True,True
0.65,10,7.4,1.2938,-1.2104,0.08818,14.671,-0.14877,17.5079,True,True,True,True
0.65,10,-1.7,0.3334,-0.6056,0.02273,14.67,-0.14983,0.5131,True,True,True,True
0.7,8,8.3,1.3509,-1.0081,0.09214,14.66,-0.01551,0.0699,True,True,True,True
0.65,10,-1.3,0.3389,-0.6275,0.02314,14.645,-0.05159,0.2035,True,True,True,True
0.65,10,-1.6,0.3349,-0.6207,0.02291,14.622,-0.0927,3.357,True,True,True,True
0.0,10,8.2,1.3278,-1.2491,0.09085,14.616,-0.16267,0.7165,True,True,True,True
0.0,10,7.9,1.3278,-1.2422,0.09087,14.612,-0.12043,30.8362,True,True,True,True
0.0,10,7.8,1.3271,-1.2181,0.09087,14.603,-0.11983,0.7816,True,True,True,True
0.65,6,9.0,1.3747,-0.8855,0.09424,14.588,-0.16974,192.0472,True,True,True,True
0.65,6,8.9,1.3746,-0.8855,0.09424,14.587,-0.03084,628.2109,True,True,True,True
0.65,6,9.2,1.3742,-0.9337,0.09421,14.586,-0.04381,0.1907,True,True,True,True
0.7,8,8.7,1.3502,-1.029,0.09274,14.559,-0.13996,0.5653,True,True,True,True
0.65,6,8.8,1.3747,-0.8793,0.09454,14.541,-0.11263,0.4665,True,True,True,True
0.7,10,8.2,1.3343,-1.1811,0.09187,14.524,-0.12738,0.4698,True,True,True,True
0.7,10,7.9,1.332,-1.1712,0.09185,14.503,-0.1136,14.6318,True,True,True,True
0.7,10,7.8,1.3305,-1.1515,0.09181,14.492,-0.12748,0.7212,True,True,True,True
0.7,10,8.1,1.3316,-1.1814,0.09192,14.486,-0.03462,3.1025,True,True,True,True
0.65,8,8.3,1.3557,-1.0424,0.0941,14.408,-0.01801,0.0753,True,True,True,True
0.75,8,8.8,1.3848,-0.961,0.09629,14.381,-0.07393,0.2993,True,True,True,True
0.0,8,8.8,1.3884,-1.0905,0.09656,14.378,-0.08663,0.3717,True,True,True,True
0.0,10,-1.5,0.342,-0.7366,0.02382,14.356,-0.00426,0.3674,True,True,True,True
0.75,8,9.2,1.3857,-0.9858,0.09655,14.352,-0.14471,0.6012,True,True,True,True
0.75,8,9.1,1.3854,-0.9658,0.09654,14.35,-0.09919,74.315,True,True,True,True
0.65,10,8.2,1.3387,-1.2391,0.09334,14.342,-0.15678,0.5612,True,True,True,True
0.65,10,7.9,1.3392,-1.2332,0.0934,14.339,-0.12043,25.6398,True,True,True,True
0.65,8,8.7,1.3556,-1.0704,0.09455,14.338,-0.18293,0.7449,True,True,True,True
0.65,10,7.8,1.3383,-1.2091,0.0934,14.329,-0.11533,0.6907,True,True,True,True
0.0,8,8.9,1.39,-1.0989,0.09718,14.303,-0.04844,3.345,True,True,True,True
0.75,8,8.9,1.3854,-0.9682,0.09688,14.301,-0.02503,7.6562,True,True,True,True
0.0,8,9.0,1.3913,-1.1002,0.09735,14.291,-0.01511,1.6455,True,True,True,True
0.0,10,-1.7,0.3399,-0.7356,0.02379,14.29,-0.05269,0.1851,True,True,True,True
0.0,10,-1.6,0.3399,-0.7358,0.02382,14.268,-0.00507,0.4804,True,True,True,True
0.0,8,9.1,1.3918,-1.1019,0.0976,14.261,-0.15808,60.7286,True,True,True,True
0.75,8,-2.2,0.2512,-0.3375,0.01763,14.249,-0.08727,0.3797,True,True,True,True
0.0,8,9.2,1.3918,-1.1318,0.09784,14.226,-0.17062,0.8718,True,True,True,True
0.7,8,8.8,1.3995,-1.0365,0.09852,14.206,-0.08478,0.3347,True,True,True,True
0.7,8,8.9,1.4009,-1.0459,0.09912,14.133,-0.04689,23.0306,True,True,True,True
0.75,10,8.3,1.3665,-1.1262,0.09679,14.118,-0.19894,0.7547,True,True,True,True
0.7,8,9.2,1.401,-1.0623,0.09927,14.114,-0.09636,0.4242,True,True,True,True
0.7,8,9.1,1.4,-1.0475,0.09919,14.114,-0.08213,14.3956,True,True,True,True
0.75,10,8.7,1.3653,-1.1221,0.09684,14.098,-0.06085,0.2339,True,True,True,True
0.75,8,-1.9,0.2514,-0.3489,0.01789,14.053,-0.06626,8.4479,True,True,True,True
0.7,8,-2.2,0.2544,-0.3797,0.01819,13.99,-0.01112,0.05,True,True,True,True
0.75,8,-2.0,0.25,-0.3382,0.01787,13.988,-0.05512,6.842,True,True,True,True
0.75,8,-1.8,0.2516,-0.3515,0.01801,13.968,-0.01493,0.0675,True,True,True,True
0.65,8,8.8,1.4048,-1.0813,0.10072,13.948,-0.10691,0.3949,True,True,True,True
0.7,10,8.4,1.3858,-1.2069,0.09937,13.947,-0.00867,14.7077,True,True,True,True
0.7,10,8.3,1.3858,-1.2069,0.09937,13.947,-0.12897,0.5002,True,True,True,True
0.7,10,8.5,1.386,-1.2087,0.09941,13.942,-0.00755,10.4039,True,True,True,True
0.0,10,8.7,1.3735,-1.2878,0.09854,13.938,-0.03121,0.1286,True,True,True,True
0.7,10,8.6,1.386,-1.2084,0.09946,13.936,-0.0003,0.3387,True,True,True,True
0.7,10,8.7,1.3861,-1.2087,0.09947,13.935,-0.02711,0.1032,True,True,True,True
0.0,10,8.3,1.3732,-1.2816,0.09854,13.935,-0.19375,0.8542,True,True,True,True
0.7,8,-1.8,0.256,-0.394,0.01837,13.933,-0.00052,0.0023,True,True,True,True
0.7,8,-1.9,0.2558,-0.3969,0.01837,13.924,-0.02514,1.2564,True,True,True,True
0.65,8,8.9,1.4098,-1.0918,0.1015,13.89,-0.05254,2.1132,True,True,True,True
0.65,8,9.1,1.4099,-1.0918,0.10158,13.88,-0.14306,33.5731,True,True,True,True
0.65,8,-1.9,0.2612,-0.4346,0.01883,13.868,-0.00356,0.2308,True,True,True,True
0.65,8,-1.8,0.2612,-0.434,0.01883,13.868,-0.03552,0.1549,True,True,True,True
0.75,8,9.4,1.4335,-0.9948,0.1034,13.865,-0.00186,0.0762,True,True,True,True
0.75,8,9.3,1.4335,-0.9948,0.1034,13.865,-0.04491,0.1876,True,True,True,True
0.65,8,9.2,1.4106,-1.1204,0.10187,13.848,-0.1509,0.6969,True,True,True,True
0.75,8,9.5,1.4384,-0.9951,0.10392,13.842,-0.00186,0.0762,True,True,True,True
0.7,8,-2.0,0.252,-0.3889,0.01821,13.837,-0.08669,6.8736,True,True,True,True
0.65,8,-2.2,0.2576,-0.4261,0.01866,13.808,-0.08938,0.4015,True,True,True,True
0.75,10,9.2,1.4183,-1.135,0.10314,13.751,-0.13393,0.5617,True,True,True,True
0.65,8,-2.1,0.2569,-0.4271,0.01869,13.746,-0.0358,16.195,True,True,True,True
0.75,10,8.8,1.4183,-1.1334,0.10318,13.746,-0.05278,0.1993,True,True,True,True
0.0,8,9.3,1.431,-1.136,0.10418,13.736,-0.02109,0.1076,True,True,True,True
0.65,8,-2.0,0.2581,-0.4332,0.01883,13.704,-0.03754,1.748,True,True,True,True
0.0,10,9.0,1.4233,-1.3015,0.10434,13.641,-0.06644,8.9523,True,True,True,True
0.65,10,8.5,1.3946,-1.2767,0.10227,13.636,-0.01372,10.0959,True,True,True,True
0.65,10,8.3,1.3946,-1.2705,0.10227,13.636,-0.18786,0.6725,True,True,True,True
0.7,8,9.3,1.4454,-1.0667,0.10602,13.633,-0.02537,0.1143,True,True,True,True
0.7,8,9.4,1.4454,-1.0674,0.10603,13.632,-0.00658,0.2059,True,True,True,True
0.0,10,8.8,1.422,-1.2941,0.10432,13.631,-0.03121,0.1286,True,True,True,True
0.0,10,8.9,1.422,-1.2941,0.10432,13.631,-0.03714,5.828,True,True,True,True
0.0,8,-1.9,0.2677,-0.5323,0.01964,13.628,-0.00655,0.4376,True,True,True,True
0.0,8,-1.8,0.2677,-0.5323,0.01964,13.628,-0.02152,0.0937,True,True,True,True
0.65,10,8.7,1.3946,-1.2791,0.10243,13.615,-0.06265,0.2427,True,True,True,True
0.0,10,9.2,1.4235,-1.3073,0.10476,13.588,-0.09474,0.4286,True,True,True,True
0.0,10,9.1,1.4235,-1.3073,0.10476,13.588,-0.0293,27.9266,True,True,True,True
0.65,10,8.6,1.3949,-1.2794,0.10269,13.584,-0.01224,692.8127,True,True,True,True
0.7,10,8.8,1.4385,-1.2139,0.10606,13.564,-0.02569,0.098,True,True,True,True
0.7,10,9.2,1.4377,-1.2177,0.10618,13.539,-0.05217,0.2357,True,True,True,True
0.0,8,-2.2,0.2647,-0.5309,0.01961,13.495,-0.02298,0.1023,True,True,True,True
0.0,8,-2.1,0.2647,-0.5307,0.01964,13.479,-0.00046,1.3039,True,True,True,True
0.0,8,-2.0,0.2647,-0.531,0.01964,13.476,-0.00814,0.5434,True,True,True,True
0.75,10,-2.2,0.2634,-0.4769,0.01958,13.454,-0.11543,0.5051,True,True,True,True
0.75,10,-2.1,0.2633,-0.4775,0.01963,13.417,-0.0038,14.4387,True,True,True,True
0.65,8,9.3,1.4532,-1.122,0.10847,13.397,-0.00784,0.0367,True,True,True,True
0.65,8,9.4,1.4534,-1.122,0.1085,13.396,-0.00132,0.0339,True,True,True,True
0.65,8,9.5,1.461,-1.1222,0.10918,13.381,-0.00132,0.036,True,True,True,True
0.75,10,9.3,1.466,-1.1618,0.1102,13.302,-0.13393,0.5617,True,True,True,True
0.65,10,8.9,1.4493,-1.2915,0.10943,13.244,-0.02857,2.054,True,True,True,True
0.65,10,9.0,1.4493,-1.2977,0.10943,13.244,-0.06647,248.6415,True,True,True,True
0.65,10,8.8,1.4465,-1.2919,0.10946,13.215,-0.06213,0.2272,True,True,True,True
0.0,10,9.3,1.4677,-1.3263,0.11109,13.212,-0.09474,0.4286,True,True,True,True
0.65,10,9.1,1.4493,-1.3048,0.10981,13.198,-0.03209,136.931,True,True,True,True
0.65,10,9.2,1.4493,-1.3041,0.10982,13.198,-0.0949,0.404,True,True,True,True
0.7,10,9.3,1.4819,-1.2336,0.11324,13.086,-0.08504,0.3842,True,True,True,True
0.75,10,-1.8,0.2623,-0.4862,0.02006,13.081,-0.12298,0.4535,True,True,True,True
0.0,6,-1.8,0.2167,-0.3071,0.01674,12.949,-0.02659,0.098,True,True,True,True
0.65,6,-1.8,0.2135,-0.2077,0.0165,12.945,-0.04093,0.1465,True,True,True,True
0.7,6,-1.8,0.2096,-0.1922,0.0162,12.94,-0.03495,0.1249,True,True,True,True
0.7,10,-2.2,0.2702,-0.5366,0.02089,12.936,-0.03865,0.1757,True,True,True,True
0.65,6,-2.2,0.2106,-0.1976,0.01634,12.885,-0.05627,0.2445,True,True,True,True
0.65,6,-2.1,0.2106,-0.2028,0.01634,12.885,-0.05167,27.421,True,True,True,True
0.7,10,-1.8,0.2713,-0.5496,0.0211,12.857,-0.08649,0.3032,True,True,True,True
0.75,6,-2.2,0.2023,-0.1282,0.01577,12.829,-0.03186,0.1357,True,True,True,True
0.7,10,-1.9,0.2695,-0.548,0.02105,12.806,-0.06015,5.933,True,True,True,True
0.65,6,-2.0,0.211,-0.2079,0.01648,12.798,-0.02559,10.886,True,True,True,True
0.65,10,9.3,1.4963,-1.3238,0.11709,12.779,-0.10014,0.4249,True,True,True,True
0.65,10,9.4,1.4965,-1.3241,0.11712,12.778,-0.00142,1.8744,True,True,True,True
0.7,6,-1.9,0.2067,-0.1905,0.0162,12.763,-0.06063,3.9224,True,True,True,True
0.75,6,-1.8,0.2044,-0.1517,0.01602,12.76,-0.07684,0.2772,True,True,True,True
0.75,6,-1.9,0.2015,-0.142,0.01589,12.677,-0.11265,10.6196,True,True,True,True
0.65,10,-1.8,0.2765,-0.5908,0.02223,12.438,-0.07954,0.2611,True,True,True,True
0.65,10,-2.2,0.2717,-0.5765,0.02209,12.303,-0.08404,0.3802,True,True,True,True
0.65,10,-1.9,0.2725,-0.5897,0.02215,12.303,-0.0055,0.2604,True,True,True,True
0.65,10,-2.1,0.2716,-0.5807,0.02209,12.297,-0.06577,22.8969,True,True,True,True
0.65,10,-2.0,0.2723,-0.5897,0.02215,12.296,-0.04471,10.4008,True,True,True,True
0.0,10,-1.8,0.283,-0.7253,0.0233,12.147,-0.0584,0.1947,True,True,True,True
0.0,10,-1.9,0.2799,-0.724,0.02323,12.051,-0.00652,0.4292,True,True,True,True
0.0,10,-2.2,0.2798,-0.724,0.02326,12.031,-0.05081,0.2338,True,True,True,True
0.7,8,-2.3,0.2089,-0.3774,0.01749,11.94,-0.02178,0.0902,True,True,True,True
0.65,4,-2.0,0.1807,-0.0196,0.01514,11.931,-0.05457,9.8808,True,True,True,True
0.65,4,-1.8,0.1808,-0.0182,0.01515,11.929,-0.06766,0.2497,True,True,True,True
0.75,8,-2.3,0.2039,-0.3204,0.01715,11.885,-0.08663,0.3576,True,True,True,True
0.7,4,-1.8,0.178,-0.0058,0.01501,11.863,-0.04719,0.1778,True,True,True,True
0.7,4,-1.9,0.1779,-0.0069,0.01501,11.857,-0.10818,22.6738,True,True,True,True
0.75,8,-2.4,0.2027,-0.3201,0.01711,11.851,-0.02844,0.8496,True,True,True,True
0.7,8,-2.4,0.2062,-0.3754,0.01743,11.826,-0.10406,3.7179,True,True,True,True
0.65,8,-2.3,0.2124,-0.4092,0.01817,11.69,-0.09722,0.3833,True,True,True,True
0.7,8,-2.5,0.2033,-0.3565,0.01746,11.646,-0.11742,2.6644,True,True,True,True
0.75,10,-2.3,0.2176,-0.4544,0.01874,11.613,-0.11533,0.5034,True,True,True,True
0.75,10,-2.4,0.2176,-0.4539,0.01875,11.605,-0.02987,1.0947,True,True,True,True
0.65,8,-2.5,0.207,-0.4064,0.01783,11.605,-0.08411,5.458,True,True,True,True
0.75,8,-2.5,0.1972,-0.3147,0.01707,11.548,-0.03101,0.5168,True,True,True,True
0.0,8,-2.3,0.2198,-0.5261,0.01915,11.478,-0.03514,0.144,True,True,True,True
0.65,8,-2.4,0.2069,-0.4066,0.01808,11.445,-0.01366,0.5054,True,True,True,True
0.65,8,-2.6,0.2038,-0.3898,0.01794,11.363,-0.08821,5.6577,True,True,True,True
0.7,10,-2.4,0.2263,-0.5286,0.01991,11.362,-0.09759,6.5778,True,True,True,True
0.7,10,-2.3,0.2261,-0.5292,0.01991,11.354,-0.03988,0.1816,True,True,True,True
0.65,8,-2.7,0.2038,-0.3888,0.01796,11.352,-0.03203,0.1833,True,True,True,True
0.75,10,-2.5,0.2122,-0.4485,0.01875,11.314,-0.03098,0.5178,True,True,True,True
0.0,8,-2.4,0.2158,-0.5239,0.01908,11.312,-0.01103,0.561,True,True,True,True
0.7,8,-2.7,0.1973,-0.3513,0.01751,11.269,-0.00783,0.047,True,True,True,True
0.0,8,-2.7,0.2157,-0.5239,0.01918,11.25,-0.00903,0.0667,True,True,True,True
0.7,8,-2.6,0.1974,-0.3519,0.01756,11.241,-0.02604,0.8745,True,True,True,True
0.7,10,-2.5,0.2231,-0.5097,0.01989,11.22,-0.11899,2.7269,True,True,True,True
0.75,8,-2.6,0.1907,-0.3139,0.01719,11.095,-0.05989,0.7882,True,True,True,True
0.75,10,-2.6,0.2056,-0.4477,0.01877,10.957,-0.05507,0.7757,True,True,True,True
0.7,10,-2.6,0.2175,-0.5048,0.01989,10.938,-0.02718,0.9634,True,True,True,True
0.7,10,-2.7,0.2175,-0.5042,0.01989,10.936,-0.00444,0.0264,True,True,True,True
0.65,10,-2.5,0.2276,-0.5638,0.02121,10.731,-0.08425,5.3536,True,True,True,True
0.75,8,-2.7,0.182,-0.3028,0.01715,10.612,-0.05816,0.3403,True,True,True,True
0.65,10,-2.3,0.2274,-0.5639,0.02144,10.608,-0.06299,0.2851,True,True,True,True
0.65,10,-2.6,0.2244,-0.5471,0.02117,10.602,-0.08851,5.56,True,True,True,True
0.65,10,-2.7,0.2244,-0.5461,0.02118,10.594,-0.02546,0.1457,True,True,True,True
0.75,10,-2.7,0.198,-0.4374,0.01877,10.546,-0.04716,0.2851,True,True,True,True
0.65,6,-2.5,0.1649,-0.1915,0.01573,10.482,-0.08826,2.9263,True,True,True,True
0.0,10,-2.7,0.2363,-0.7138,0.02262,10.447,-0.00466,0.0344,True,True,True,True
0.0,10,-2.3,0.2363,-0.7138,0.02262,10.447,-0.05081,0.2338,True,True,True,True
0.7,6,-2.4,0.1615,-0.1741,0.01551,10.414,-0.0953,6.4524,True,True,True,True
0.65,6,-2.3,0.1646,-0.1915,0.01586,10.374,-0.03019,0.1312,True,True,True,True
0.0,6,-2.5,0.1671,-0.3085,0.01629,10.259,-0.00655,0.3961,True,True,True,True
0.7,6,-2.5,0.1586,-0.156,0.01551,10.225,-0.13493,2.2425,True,True,True,True
0.75,6,-2.4,0.1553,-0.1222,0.01534,10.127,-0.04253,1.4644,True,True,True,True
0.75,6,-2.3,0.1553,-0.1228,0.01534,10.127,-0.02981,0.127,True,True,True,True
0.65,6,-2.6,0.1585,-0.1739,0.01573,10.079,-0.09151,2.872,True,True,True,True
0.65,6,-2.7,0.1585,-0.1732,0.01573,10.079,-0.05097,0.2683,True,True,True,True
0.0,6,-2.7,0.1636,-0.3072,0.01629,10.047,-0.01948,0.1348,True,True,True,True
0.0,6,-2.6,0.1636,-0.3072,0.01629,10.047,-0.00655,0.3789,True,True,True,True
0.0,8,-3.2,0.1887,-0.522,0.01926,9.794,-0.00461,0.1155,True,True,True,True
0.75,6,-2.5,0.1495,-0.1142,0.01534,9.75,-0.05048,0.7051,True,True,True,True
0.0,8,-2.8,0.1887,-0.5221,0.01936,9.747,-0.00903,0.0667,True,True,True,True
0.7,6,-2.6,0.1495,-0.1472,0.01548,9.654,-0.04702,1.0319,True,True,True,True
0.7,6,-2.7,0.1495,-0.1466,0.01548,9.652,-0.01152,0.0648,True,True,True,True
0.65,8,-2.9,0.1689,-0.3829,0.01812,9.324,-0.00743,0.1809,True,True,True,True
0.0,10,-2.8,0.2093,-0.7129,0.02256,9.275,-0.00466,0.0344,True,True,True,True
0.0,10,-3.2,0.2093,-0.7128,0.02256,9.275,-0.00264,0.0814,True,True,True,True
0.65,8,-2.8,0.1689,-0.3834,0.01821,9.275,-0.02954,0.1692,True,True,True,True
0.7,10,-2.8,0.1839,-0.5039,0.0199,9.239,-0.05358,0.259,True,True,True,True
0.7,8,-2.8,0.1641,-0.3503,0.01779,9.222,-0.06144,0.2925,True,True,True,True
0.75,6,-2.6,0.141,-0.1121,0.01534,9.19,-0.08864,1.0073,True,True,True,True
0.75,10,-2.9,0.1721,-0.4382,0.01879,9.161,-0.02376,0.2691,True,True,True,True
0.75,8,-2.9,0.1562,-0.3023,0.01732,9.019,-0.02354,0.2693,True,True,True,True
0.75,8,-2.8,0.1566,-0.3023,0.01743,8.98,-0.00213,0.0166,True,True,True,True
0.65,10,-2.8,0.1895,-0.542,0.02119,8.941,-0.02319,0.1326,True,True,True,True
0.65,10,-2.9,0.1894,-0.5414,0.02119,8.94,-0.00766,0.1721,True,True,True,True
0.0,8,-3.3,0.1807,-0.5211,0.02032,8.892,-0.00461,0.1155,True,True,True,True
0.65,8,-3.1,0.1607,-0.3818,0.01813,8.861,-0.05744,1.3033,True,True,True,True
0.65,8,-3.0,0.1607,-0.3819,0.01813,8.86,-0.00524,0.1271,True,True,True,True
0.7,10,-2.9,0.1761,-0.4935,0.01994,8.834,-0.05196,1.341,True,True,True,True
0.7,10,-3.1,0.1757,-0.4935,0.01994,8.813,-0.02393,0.2711,True,True,True,True
0.7,8,-2.9,0.1553,-0.3391,0.01771,8.768,-0.05644,1.2892,True,True,True,True
0.7,8,-3.1,0.1549,-0.3391,0.01771,8.746,-0.02393,0.2728,True,True,True,True
0.0,10,-3.3,0.2028,-0.7123,0.02357,8.603,-0.00264,0.0814,True,True,True,True
0.75,6,-2.7,0.1319,-0.0965,0.01535,8.596,-0.08813,0.4753,True,True,True,True
0.65,10,-3.0,0.1806,-0.5404,0.02121,8.515,-0.00524,0.1183,True,True,True,True
0.65,10,-3.1,0.1806,-0.5404,0.02121,8.515,-0.05274,1.3623,True,True,True,True
0.65,8,-3.2,0.1518,-0.3704,0.01817,8.358,-0.06438,0.6088,True,True,True,True
0.75,10,-3.0,0.1549,-0.4335,0.01885,8.218,-0.02376,0.2333,True,True,True,True
0.0,6,-2.9,0.1348,-0.3035,0.01643,8.208,-0.00012,0.3407,True,True,True,True
0.0,6,-3.0,0.1347,-0.3032,0.01644,8.191,-0.00124,1.42,True,True,True,True
0.0,6,-3.1,0.1347,-0.3032,0.01644,8.191,-0.01237,0.6178,True,True,True,True
0.0,6,-2.8,0.1347,-0.3033,0.01647,8.179,-0.01836,0.1275,True,True,True,True
0.65,10,-3.2,0.1728,-0.5299,0.02124,8.136,-0.05771,0.6211,True,True,True,True
0.75,8,-3.0,0.1391,-0.2976,0.01739,7.998,-0.02376,0.2273,True,True,True,True
0.0,6,-3.2,0.1307,-0.3008,0.01637,7.98,-0.01698,0.2447,True,True,True,True
0.7,10,-3.2,0.1585,-0.4887,0.02002,7.916,-0.0253,0.1664,True,True,True,True
0.75,10,-3.2,0.1518,-0.4335,0.01936,7.841,-0.00282,0.0582,True,True,True,True
0.7,8,-3.2,0.1378,-0.3343,0.0178,7.738,-0.02728,0.1681,True,True,True,True
0.65,6,-2.9,0.1209,-0.1633,0.0159,7.604,-0.00619,0.1596,True,True,True,True
0.65,6,-2.8,0.1205,-0.1637,0.01596,7.551,-0.04942,0.2627,True,True,True,True
0.75,8,-3.2,0.1353,-0.2976,0.01794,7.54,-0.00335,0.0598,True,True,True,True
0.65,10,-3.3,0.162,-0.5288,0.02232,7.258,-0.02432,0.1732,True,True,True,True
0.7,6,-2.8,0.1139,-0.1449,0.01577,7.225,-0.09109,0.4153,True,True,True,True
0.65,8,-3.3,0.1395,-0.369,0.01936,7.206,-0.02629,0.1785,True,True,True,True
0.65,6,-3.0,0.1128,-0.1624,0.01593,7.079,-0.00449,0.1105,True,True,True,True
0.65,6,-3.1,0.1128,-0.1624,0.01593,7.079,-0.09502,1.3139,True,True,True,True
0.75,10,-3.3,0.1421,-0.4329,0.02033,6.988,-0.00282,0.0582,True,True,True,True
0.0,6,-3.3,0.1208,-0.2998,0.01757,6.873,-0.00461,0.0934,True,True,True,True
0.7,10,-3.3,0.1453,-0.4885,0.02159,6.732,-0.00138,0.0209,True,True,True,True
0.7,6,-2.9,0.1056,-0.1284,0.01575,6.703,-0.0824,1.977,True,True,True,True
0.75,6,-2.9,0.1043,-0.0947,0.01557,6.701,-0.02396,0.2831,True,True,True,True
0.7,6,-3.1,0.1052,-0.1284,0.01575,6.677,-0.02886,0.2762,True,True,True,True
0.75,6,-2.8,0.1039,-0.0945,0.01563,6.652,-0.00915,0.0663,True,True,True,True
0.75,8,-3.3,0.1241,-0.2969,0.01898,6.539,-0.00335,0.0598,True,True,True,True
0.65,10,-3.4,0.1447,-0.525,0.0224,6.462,-0.01895,0.186,True,True,True,True
0.65,8,-3.4,0.1224,-0.3652,0.01945,6.292,-0.01895,0.1812,True,True,True,True
0.7,8,-3.3,0.1225,-0.3336,0.01954,6.268,-0.00335,0.0437,True,True,True,True
0.65,6,-3.2,0.0983,-0.1434,0.01588,6.19,-0.10348,0.7006,True,True,True,True
0.75,6,-3.0,0.087,-0.0897,0.01564,5.564,-0.01859,0.1761,True,True,True,True
0.7,6,-3.2,0.0847,-0.1226,0.01578,5.366,-0.03094,0.1605,True,True,True,True
0.75,6,-3.2,0.0821,-0.0902,0.01613,5.092,-0.006,0.0796,True,True,True,True
0.65,6,-3.3,0.0832,-0.1417,0.01714,4.856,-0.02741,0.1687,True,True,True,True
0.75,6,-3.4,0.0682,-0.0898,0.01706,3.995,-0.00012,0.1002,True,True,True,True
0.75,6,-3.3,0.0682,-0.0898,0.01709,3.988,-0.00208,0.0298,True,True,True,True
0.75,6,-3.5,0.0679,-0.0897,0.01716,3.959,-0.00012,0.1002,True,True,True,True
0.65,6,-3.4,0.0658,-0.138,0.01723,3.82,-0.01907,0.1783,True,True,True,True
0.7,6,-3.4,0.0666,-0.1222,0.0175,3.808,-0.00012,0.1002,True,True,True,True
0.7,6,-3.3,0.0666,-0.1222,0.0175,3.808,-0.00208,0.023,True,True,True,True
0.7,6,-3.5,0.0664,-0.1222,0.01759,3.773,-0.00012,0.1002,True,True,True,True
0.65,6,-3.5,0.0618,-0.1379,0.01787,3.46,-0.00012,0.0061,True,True,True,True
